host_time_s,front_ps_data,rear_ps_data
0.0,46.0,43.0
0.00258880000001227,46.0,40.0
0.005598900000222784,46.0,40.0
0.010132899999916845,45.0,45.0
0.012577399999827321,45.0,45.0
0.015558600000076694,45.0,49.0
0.018570000000181608,45.0,49.0
0.021617800000058196,45.0,49.0
0.024606300000414194,45.0,49.0
0.027586999999584805,47.0,52.0
0.032104099999742175,45.0,46.0
0.03655150000031426,45.0,46.0
0.03961020000042481,43.0,45.0
0.04259840000031545,43.0,45.0
0.04561680000006163,43.0,45.0
0.04864629999974568,43.0,45.0
0.05228540000007342,41.0,45.0
0.055602299999918614,41.0,45.0
0.05859080000027461,41.0,45.0
0.06155820000003587,41.0,45.0
0.06464700000015,42.0,45.0
0.06764019999991433,42.0,45.0
0.070565600000009,42.0,45.0
0.0743441000004168,45.0,45.0
0.07757039999978588,47.0,45.0
0.080596499999956,47.0,45.0
0.08355540000047768,47.0,45.0
0.08662840000033611,47.0,45.0
0.08968949999962206,47.0,45.0
0.09262779999971826,47.0,45.0
0.09627509999972972,45.0,45.0
0.09954500000003463,46.0,45.0
0.10256930000014108,46.0,45.0
0.10560400000031223,46.0,45.0
0.10856870000043273,46.0,45.0
0.11159279999992577,46.0,44.0
0.11484930000005988,46.0,44.0
0.11911539999982779,45.0,45.0
0.1216191000003164,45.0,45.0
0.12458799999967596,46.0,46.0
0.12758339999982127,46.0,46.0
0.1306723999996393,46.0,46.0
0.13466440000047442,46.0,45.0
0.13761479999993753,45.0,45.0
0.14071750000039174,45.0,45.0
0.14358919999995123,45.0,45.0
0.1466256000003341,45.0,46.0
0.14966850000018894,45.0,46.0
0.15258759999960603,45.0,46.0
0.1556284999996933,45.0,46.0
0.15937080000003334,45.0,45.0
0.1627725999996983,45.0,45.0
0.16562330000033398,45.0,45.0
0.16857789999994566,45.0,45.0
0.17163799999980256,45.0,45.0
0.17458369999985734,45.0,45.0
0.1775471999999354,45.0,45.0
0.18066129999988334,45.0,45.0
0.1836316999997507,45.0,44.0
0.18656989999999496,44.0,44.0
0.18969060000017635,44.0,44.0
0.19259909999982483,44.0,44.0
0.19562049999967712,44.0,44.0
0.198714199999813,45.0,44.0
0.20234220000020287,45.0,45.0
0.2056918999996924,45.0,45.0
0.20861770000010438,45.0,46.0
0.21159679999982473,46.0,46.0
0.21482000000014523,46.0,46.0
0.2176195000001826,46.0,46.0
0.22062459999960993,46.0,45.0
0.2236854000002495,45.0,45.0
0.2266018999998778,45.0,45.0
0.2296552999996493,45.0,45.0
0.2336052999999083,45.0,46.0
0.23654700000042794,45.0,46.0
0.23966310000014346,45.0,46.0
0.24259390000042913,45.0,46.0
0.24636139999984152,45.0,45.0
0.24965820000034,45.0,45.0
0.2525789999999688,45.0,45.0
0.2558316000004197,45.0,45.0
0.2586289000000761,46.0,45.0
0.2615869000001112,46.0,45.0
0.2647119000002931,46.0,45.0
0.2683156000002782,45.0,45.0
0.2715871000000334,45.0,45.0
0.2746330999998463,45.0,45.0
0.27757800000017596,45.0,45.0
0.2806538000004366,45.0,45.0
0.28356150000035996,44.0,45.0
0.2865810000002966,44.0,45.0
0.29039259999990463,45.0,45.0
0.2935622000004514,45.0,45.0
0.296675999999934,46.0,45.0
0.2996123000002626,46.0,45.0
0.302549099999851,46.0,45.0
0.30566859999998996,46.0,44.0
0.30857509999987087,46.0,44.0
0.3130762999999206,45.0,45.0
0.315596700000242,45.0,46.0
0.3185849000001326,45.0,46.0
0.32161660000019765,45.0,46.0
0.324576199999683,45.0,46.0
0.32754730000033305,45.0,46.0
0.3307081000002654,45.0,46.0
0.3361113999999361,44.0,45.0
0.33866000000034546,44.0,45.0
0.34162560000004305,44.0,45.0
0.34452560000045196,46.0,45.0
0.34777589999976044,46.0,45.0
0.3505980999998428,46.0,45.0
0.3535805999999866,46.0,44.0
0.357390199999827,45.0,45.0
0.3605524000004152,45.0,45.0
0.3637762999996994,45.0,46.0
0.36658859999988636,45.0,46.0
0.36958680000043387,45.0,46.0
0.3726686999998492,45.0,46.0
0.37558919999992213,45.0,45.0
0.3786110999999437,45.0,45.0
0.38161570000011125,44.0,45.0
0.3845762000000832,44.0,45.0
0.38761020000038116,44.0,46.0
0.39062180000019,44.0,46.0
0.3935566000000108,45.0,46.0
0.3967264000002615,45.0,46.0
0.40035139999963576,45.0,45.0
0.4035518000000593,45.0,45.0
0.4066738000001351,45.0,45.0
0.4096287000002121,45.0,45.0
0.4126003999999739,45.0,45.0
0.4155852000003506,45.0,45.0
0.41860040000028675,45.0,45.0
0.4216271000004781,45.0,45.0
0.4246371999997791,45.0,45.0
0.42754510000031587,45.0,45.0
0.43066910000015923,46.0,45.0
0.43461740000020654,46.0,45.0
0.43760759999986476,46.0,45.0
0.44062060000032943,46.0,45.0
0.44360799999958545,45.0,45.0
0.44667889999982435,45.0,45.0
0.4496679000003496,45.0,45.0
0.4525208000004568,45.0,45.0
0.45564790000025823,45.0,45.0
0.4586161999995966,45.0,45.0
0.4615929999999935,45.0,44.0
0.4654281000002811,45.0,45.0
0.4686466000002838,46.0,45.0
0.4715953000004447,46.0,46.0
0.4746050000003379,46.0,46.0
0.47757869999986724,46.0,46.0
0.4806946999997308,46.0,46.0
0.48363400000016554,46.0,46.0
0.48728229999960604,45.0,45.0
0.49065470000005007,45.0,45.0
0.4936182999999801,45.0,45.0
0.49664779999966413,45.0,46.0
0.4995984999995926,45.0,46.0
0.5025840999996944,39.0,46.0
0.5056866000004447,39.0,46.0
0.5102015000002211,42.0,45.0
0.5127253999999084,42.0,45.0
0.5156164999998509,48.0,45.0
0.5185824999998658,48.0,45.0
0.5216769999997268,48.0,44.0
0.5245728999998391,48.0,44.0
0.5275490000003629,48.0,44.0
0.5321449000002758,45.0,45.0
0.5365567999997438,45.0,46.0
0.5397890000003827,44.0,46.0
0.5426291000003403,44.0,46.0
0.5455824999999095,44.0,45.0
0.5486637000003611,44.0,45.0
0.5516022000001612,45.0,45.0
0.5546964000004664,45.0,45.0
0.5576109000003271,45.0,46.0
0.5606098999996902,45.0,46.0
0.5637564999997267,45.0,46.0
0.5666165000002366,45.0,46.0
0.5695760999997219,45.0,45.0
0.5726378999997905,45.0,45.0
0.5756086000001233,45.0,45.0
0.5785845999998855,45.0,45.0
0.5816449000003558,45.0,45.0
0.5846214000002874,45.0,45.0
0.587598799999796,44.0,45.0
0.5906311999997342,44.0,45.0
0.5950671000000511,45.0,45.0
0.5977814999996554,45.0,45.0
0.6006187000002683,45.0,45.0
0.6036401000001206,45.0,45.0
0.6066180999996504,45.0,44.0
0.6095720000002984,45.0,44.0
0.6126388000002407,46.0,44.0
0.6170678999997108,45.0,45.0
0.6195576999998593,45.0,46.0
0.6226104999996096,45.0,46.0
0.6256091000004744,45.0,46.0
0.6287121000004845,45.0,46.0
0.6317712999998548,45.0,46.0
0.636392600000363,45.0,45.0
0.6396731000004365,44.0,45.0
0.6426139000004696,44.0,44.0
0.6455809999997655,44.0,44.0
0.6486055000004853,44.0,44.0
0.6515527000001384,44.0,44.0
0.6545615000004545,44.0,44.0
0.6590797999997449,45.0,45.0
0.6615861000000223,44.0,45.0
0.6647038999999495,44.0,46.0
0.667575499999657,44.0,46.0
0.670595399999911,44.0,46.0
0.673648900000444,45.0,46.0
0.6766852000000654,45.0,46.0
0.6797010000000228,45.0,45.0
0.6825959999996485,45.0,45.0
0.6855832000001101,46.0,45.0
0.6886113000000478,46.0,45.0
0.6915971999997055,46.0,44.0
0.6945437000003949,46.0,44.0
0.6976058000000194,45.0,44.0
0.7013451000002533,45.0,45.0
0.7045535999995991,45.0,46.0
0.7075968999997713,45.0,46.0
0.7105574999995952,45.0,46.0
0.7136980000004769,45.0,46.0
0.7165807999999743,45.0,46.0
0.7195177000003241,45.0,46.0
0.724162399999841,45.0,45.0
0.7266317000003255,45.0,46.0
0.729566099999829,45.0,46.0
0.7335817000002862,45.0,46.0
0.7365423000001101,44.0,46.0
0.7397340999996231,44.0,45.0
0.7433146000003035,45.0,45.0
0.7466338000003816,45.0,45.0
0.7495953999996345,45.0,46.0
0.7525832999999693,45.0,46.0
0.7556360999997196,45.0,46.0
0.7586272999997163,46.0,46.0
0.7615544999998747,46.0,46.0
0.7661346000004414,45.0,45.0
0.7687385999997787,45.0,45.0
0.7716610999996192,45.0,45.0
0.774586100000306,45.0,45.0
0.7775150999996185,45.0,45.0
0.7806195000002845,45.0,45.0
0.7836270999996486,45.0,45.0
0.7873155999996015,45.0,45.0
0.790575699999863,45.0,45.0
0.7936293000002479,45.0,45.0
0.796627300000182,45.0,45.0
0.7996665000000576,45.0,46.0
0.8025648000002548,45.0,46.0
0.8057109999999739,45.0,46.0
0.8100973000000522,45.0,45.0
0.8126566000000821,45.0,45.0
0.8155432000003202,45.0,45.0
0.8185596000002988,45.0,45.0
0.8216798000003109,44.0,45.0
0.8246331000000282,44.0,45.0
0.8275857999997243,44.0,45.0
0.8314288999999917,45.0,45.0
0.8356526999996277,47.0,44.0
0.8387026000000333,47.0,44.0
0.8416077000001678,47.0,44.0
0.8445678999996744,46.0,44.0
0.8476641999995991,46.0,45.0
0.8512978999997358,45.0,45.0
0.8545598000000609,45.0,45.0
0.8576168999998117,45.0,45.0
0.8605255000002217,45.0,45.0
0.8637672000004386,45.0,45.0
0.8666728999996849,45.0,45.0
0.8695845000002009,46.0,45.0
0.8741166999998313,45.0,45.0
0.8766256999997495,45.0,45.0
0.8795821000003343,45.0,45.0
0.8826054999999542,45.0,46.0
0.8855720000001384,45.0,46.0
0.8887056000003213,45.0,46.0
0.8915790000000925,45.0,46.0
0.8945800000001327,45.0,45.0
0.897644599999694,45.0,45.0
0.9006172999997943,45.0,45.0
0.9035701000002518,45.0,45.0
0.9066380000003846,44.0,46.0
0.909617100000105,44.0,46.0
0.9126843000003646,44.0,46.0
0.9171388000004299,45.0,45.0
0.9195726999996623,45.0,45.0
0.9227742000002763,45.0,45.0
0.9256463000001531,45.0,45.0
0.92866099999992,45.0,45.0
0.9317185999998401,46.0,43.0
0.9370467999997345,45.0,45.0
0.939661100000194,45.0,45.0
0.9425940000000992,45.0,47.0
0.9460550000003423,45.0,47.0
0.9486130000004778,45.0,47.0
0.9515521000002991,45.0,47.0
0.9545680999999604,44.0,47.0
0.9591913000003842,45.0,45.0
0.9615787000002456,45.0,45.0
0.9646209000002273,45.0,45.0
0.967632799999592,45.0,44.0
0.9706156000002011,45.0,44.0
0.9736462999999276,45.0,44.0
0.976590500000384,45.0,44.0
0.9811394999996992,45.0,45.0
0.9835925999996107,45.0,45.0
0.9866085000003295,45.0,45.0
0.9896496000001207,45.0,45.0
0.9926065999998173,45.0,44.0
0.9955747000003612,45.0,44.0
0.9986365000004298,45.0,44.0
1.0023340999996435,45.0,45.0
1.0055724000003465,44.0,44.0
1.0085591999995813,44.0,44.0
1.0115476000000854,44.0,44.0
1.0147729000000254,44.0,47.0
1.0175896000000648,46.0,47.0
1.0205618999998478,46.0,47.0
1.0250905000002604,45.0,45.0
1.0275386000002982,47.0,47.0
1.0306092999999237,47.0,47.0
1.034586599999784,47.0,47.0
1.0376538000000437,47.0,47.0
1.0405817000000752,42.0,46.0
1.0442632000003869,42.0,45.0
1.047963300000447,42.0,45.0
1.050645500000428,42.0,45.0
1.0536214000003383,37.0,45.0
1.0566348000002108,37.0,45.0
1.0596119000001636,37.0,45.0
1.0625911999995878,37.0,45.0
1.0663205000000744,46.0,45.0
1.0695950999997876,46.0,45.0
1.0725877000004402,46.0,45.0
1.0756202000002304,46.0,44.0
1.078528500000175,48.0,44.0
1.0816463000001022,48.0,44.0
1.0846100999997361,48.0,44.0
1.088379900000291,45.0,45.0
1.0915585000002466,45.0,45.0
1.0945675000002666,45.0,45.0
1.0977516000002652,45.0,45.0
1.1006274000001213,45.0,45.0
1.103630599999633,45.0,45.0
1.1066661000004387,45.0,45.0
1.1095819000001939,45.0,45.0
1.1126242999998794,45.0,45.0
1.115600799999811,45.0,45.0
1.1185693999996147,45.0,45.0
1.1216536000001724,45.0,45.0
1.1245971999996982,45.0,45.0
1.1275918000001184,45.0,45.0
1.1306420999999318,45.0,45.0
1.1346255999997084,45.0,45.0
1.1375764000003983,46.0,45.0
1.1405475000001388,46.0,45.0
1.1435812999998234,46.0,45.0
1.1466102000003957,46.0,45.0
1.1495705999996062,45.0,45.0
1.1525768999999855,45.0,45.0
1.155826000000161,45.0,45.0
1.1586365000002843,45.0,45.0
1.1615607000003365,46.0,44.0
1.1646520000003875,46.0,44.0
1.1676275999998325,46.0,44.0
1.17062580000038,46.0,44.0
1.173657500000445,45.0,45.0
1.1765977000004568,45.0,45.0
1.1795916999999463,45.0,45.0
1.1825513000003411,45.0,45.0
1.1855553000004875,45.0,44.0
1.1886948000001212,45.0,44.0
1.1916260999996666,45.0,44.0
1.1952887999996165,45.0,45.0
1.1985664000003453,45.0,46.0
1.201568600000428,45.0,46.0
1.2045586000003823,45.0,46.0
1.2075881000000663,45.0,45.0
1.2105994000003193,45.0,45.0
1.213622000000214,45.0,45.0
1.216576900000291,45.0,45.0
1.2195996999998897,45.0,45.0
1.2226733999996213,45.0,45.0
1.2255682000004526,45.0,45.0
1.2286314000002676,45.0,45.0
1.2315990999995847,45.0,46.0
1.235552799999823,45.0,46.0
1.2393558000003395,45.0,45.0
1.242539900000338,45.0,45.0
1.2457358000001477,45.0,45.0
1.2485938999998325,45.0,45.0
1.2515774000003148,45.0,45.0
1.2545595000001413,45.0,45.0
1.2576152999999977,45.0,44.0
1.2613309999997,45.0,45.0
1.2647743999996237,45.0,45.0
1.2675449999997,45.0,45.0
1.2705753000000186,45.0,45.0
1.2736574000000473,45.0,45.0
1.276600000000144,45.0,45.0
1.279580200000055,45.0,45.0
1.283291900000222,45.0,45.0
1.2865288000002693,47.0,45.0
1.2895872999997664,47.0,45.0
1.2926126000002114,47.0,45.0
1.2959289999998873,45.0,45.0
1.2986343000002307,45.0,45.0
1.3015550000000076,45.0,45.0
1.3054124999998749,45.0,45.0
1.3085665999997218,45.0,45.0
1.3116006999998717,45.0,45.0
1.3145948000001226,45.0,45.0
1.3175891000000775,45.0,46.0
1.3205755999997564,45.0,46.0
1.3235475000001315,45.0,46.0
1.327303199999733,45.0,45.0
1.330587800000103,45.0,45.0
1.3345877000001565,45.0,45.0
1.337638799999695,45.0,45.0
1.3406287999996493,45.0,44.0
1.343547700000272,45.0,44.0
1.347421100000247,45.0,45.0
1.3505764999999883,45.0,45.0
1.353616399999737,45.0,46.0
1.3565801000004285,46.0,46.0
1.3595992000000479,46.0,46.0
1.362659000000349,46.0,46.0
1.3655760999999984,46.0,46.0
1.3702307000003202,45.0,45.0
1.3726642000001448,44.0,45.0
1.3756363000002239,44.0,45.0
1.378622500000347,44.0,45.0
1.38162149999971,44.0,45.0
1.3845188000004782,44.0,45.0
1.3876730000001771,44.0,45.0
1.3913447000004453,45.0,45.0
1.3945831000000908,45.0,45.0
1.3976281000004747,45.0,45.0
1.400589900000341,45.0,44.0
1.4036755999995876,45.0,44.0
1.406568999999763,45.0,44.0
1.4095886000004612,45.0,44.0
1.4132908999999927,45.0,45.0
1.4165775999999823,45.0,45.0
1.4196015999996234,46.0,45.0
1.4226044999995793,46.0,45.0
1.4256210000003193,46.0,47.0
1.428623200000402,46.0,47.0
1.4316485999997894,45.0,47.0
1.4363110000003871,45.0,45.0
1.4396084999998493,45.0,45.0
1.4425018000001728,45.0,45.0
1.4456491999999344,45.0,45.0
1.4486049999995885,45.0,44.0
1.451546000000235,45.0,44.0
1.4545545000000857,45.0,44.0
1.4583190000003015,45.0,45.0
1.4615685999997368,45.0,42.0
1.464745899999798,45.0,42.0
1.4675467999995817,45.0,42.0
1.470618000000286,45.0,42.0
1.4736187999997128,45.0,44.0
1.4765700999996625,45.0,44.0
1.4811117999997805,45.0,45.0
1.4835862999998426,45.0,45.0
1.4865149999995992,45.0,46.0
1.4896355000000767,45.0,46.0
1.492568399999982,44.0,46.0
1.4955433000004632,44.0,46.0
1.4986048000000665,44.0,47.0
1.5030878999996276,45.0,45.0
1.5056444000001648,45.0,45.0
1.5086265999998432,45.0,45.0
1.51155480000034,45.0,44.0
1.5146900999998252,45.0,44.0
1.5175884000000224,45.0,44.0
1.5205714000003354,45.0,44.0
1.5242975999999544,45.0,45.0
1.5275566999998773,46.0,45.0
1.5306313000000955,46.0,45.0
1.5345983999995951,46.0,46.0
1.537598099999741,46.0,46.0
1.5406076999997822,45.0,46.0
1.5442650000004505,45.0,45.0
1.5476804999998421,45.0,44.0
1.5506163999998535,45.0,44.0
1.5535900000004403,46.0,44.0
1.5566329000002952,46.0,44.0
1.5596034000000145,46.0,44.0
1.5627370000001974,46.0,44.0
1.5670995999998922,45.0,45.0
1.5695550999998886,45.0,46.0
1.5727188000000751,45.0,46.0
1.5756118999997852,45.0,46.0
1.578637499999786,45.0,46.0
1.5816733000001477,45.0,46.0
1.5846271999998862,45.0,46.0
1.5883292999997138,45.0,45.0
1.591610800000126,44.0,45.0
1.5945394000000306,44.0,45.0
1.59766320000017,44.0,45.0
1.6006275999998252,44.0,45.0
1.6037650999996913,44.0,45.0
1.606639399999949,44.0,45.0
1.6102558000002318,45.0,45.0
1.6136796999999206,45.0,45.0
1.616572900000392,45.0,45.0
1.6195270999996865,45.0,45.0
1.6225602000004073,45.0,45.0
1.6255786000001535,45.0,45.0
1.628637699999672,45.0,45.0
1.6316334000002826,45.0,45.0
1.635580299999674,45.0,45.0
1.6387262999996892,46.0,45.0
1.6415931000001365,46.0,44.0
1.6445529000002352,46.0,44.0
1.6476135000002614,46.0,44.0
1.6505409000001237,45.0,44.0
1.6543650000003254,45.0,45.0
1.6575638000003892,45.0,45.0
1.6605697000004511,45.0,45.0
1.6635914999997112,45.0,45.0
1.6665530000000217,45.0,46.0
1.6696045999997295,45.0,46.0
1.672625700000026,45.0,46.0
1.6763234000000011,45.0,45.0
1.6795408999996653,45.0,44.0
1.6825455999996848,45.0,44.0
1.685557200000403,45.0,44.0
1.6886416999996072,46.0,44.0
1.6915970000000016,46.0,45.0
1.694575800000166,46.0,45.0
1.6983596000000034,45.0,45.0
1.7015613000003214,45.0,45.0
1.7045748999998978,45.0,44.0
1.7075909000004685,45.0,44.0
1.7106137000000672,44.0,44.0
1.713605799999641,44.0,44.0
1.7165643999996973,44.0,43.0
1.7210795000000871,45.0,45.0
1.7235696999996435,46.0,45.0
1.726536500000293,46.0,46.0
1.7295655999996598,46.0,46.0
1.7336009000000558,46.0,46.0
1.7365294999999605,45.0,46.0
1.7403338000003714,45.0,45.0
1.743564200000037,45.0,45.0
1.7466390999998112,45.0,45.0
1.749622299999828,46.0,45.0
1.7525988999996116,46.0,46.0
1.755633900000248,46.0,46.0
1.758623599999737,46.0,46.0
1.7623211000000083,45.0,45.0
1.7655516000004354,45.0,45.0
1.7685965999999098,45.0,45.0
1.7715809999999692,45.0,45.0
1.7745903000004546,45.0,45.0
1.7775370999997904,45.0,45.0
1.7806006999999227,45.0,45.0
1.7835728999998537,45.0,45.0
1.7865208000002895,45.0,46.0
1.7896221999999398,45.0,46.0
1.7925967999999557,45.0,46.0
1.7955873999999312,45.0,46.0
1.798646899999767,46.0,45.0
1.8015808999998626,46.0,45.0
1.8052943000002415,45.0,45.0
1.808567299999595,44.0,45.0
1.8115405999997165,44.0,45.0
1.8146090000000186,44.0,45.0
1.8176209000002927,44.0,45.0
1.820628200000101,45.0,45.0
1.823599700000159,45.0,45.0
1.826583500000197,45.0,45.0
1.8296102000003884,45.0,45.0
1.833639100000255,44.0,45.0
1.836557499999799,44.0,44.0
1.8395431999997527,44.0,44.0
1.8426159999999072,44.0,44.0
1.8455222000002323,45.0,44.0
1.8493275000000722,45.0,45.0
1.8525798000000577,45.0,45.0
1.8556254000004628,45.0,45.0
1.8585234000001947,45.0,45.0
1.8615836999997555,45.0,47.0
1.8646645999997418,45.0,47.0
1.867555099999663,45.0,47.0
1.8721213999997417,45.0,45.0
1.8746197000000393,45.0,43.0
1.8775693999996292,45.0,43.0
1.8806242999999085,45.0,43.0
1.88357410000026,45.0,44.0
1.8865426000002117,45.0,44.0
1.8896302000002834,45.0,44.0
1.893261100000018,45.0,45.0
1.8965908000000127,45.0,46.0
1.899663899999723,45.0,46.0
1.9026141000003918,45.0,46.0
1.9055803999999625,45.0,46.0
1.908584200000405,44.0,46.0
1.9115534000002299,44.0,46.0
1.916150099999868,45.0,45.0
1.9186305000002903,47.0,45.0
1.92157109999971,47.0,45.0
1.9245807999996032,47.0,45.0
1.9275651999996626,47.0,45.0
1.9307295999997223,47.0,45.0
1.9353246000000581,45.0,45.0
1.9386112000001958,45.0,45.0
1.9415775999996185,45.0,45.0
1.9446196999997483,45.0,40.0
1.9476551999996445,45.0,40.0
1.950596100000439,45.0,40.0
1.953588999999738,45.0,40.0
1.9581062999995993,45.0,47.0
1.9605441000003339,45.0,47.0
1.9636073000001488,45.0,47.0
1.9665415999998004,45.0,47.0
1.9695589000002656,45.0,47.0
1.9726499999997031,45.0,47.0
1.975583600000391,45.0,47.0
1.979409399999895,45.0,45.0
1.982560000000376,46.0,45.0
1.9855417999997371,46.0,45.0
1.9886139999998704,46.0,45.0
1.9916309999998703,46.0,42.0
1.9945404999998573,46.0,42.0
1.9975790999997116,46.0,42.0
2.002087599999868,45.0,45.0
2.0045679000004384,44.0,44.0
2.0075918000002275,44.0,44.0
2.010562700000264,44.0,44.0
2.0136835000002975,44.0,44.0
2.0166331999998874,46.0,47.0
2.019584499999837,46.0,47.0
2.0240977000003113,45.0,45.0
2.0265613999999914,45.0,45.0
2.0295601999996506,46.0,49.0
2.033559200000127,46.0,49.0
2.03655979999985,46.0,49.0
2.039662899999712,46.0,47.0
2.043280400000185,42.0,45.0
2.0465893000000506,42.0,45.0
2.0495632000001933,42.0,45.0
2.0525926999998774,39.0,45.0
2.0556322000002183,39.0,45.0
2.05844419999994,39.0,45.0
2.0615372000002026,39.0,45.0
2.0652854999998453,45.0,45.0
2.0685653999998976,46.0,45.0
2.0716449000001376,46.0,45.0
2.074536299999636,46.0,45.0
2.077555900000334,48.0,45.0
2.0805262000003495,48.0,45.0
2.0836183000001256,48.0,45.0
2.087413100000049,45.0,45.0
2.090618600000198,47.0,45.0
2.0935833000003186,47.0,45.0
2.096613400000024,47.0,45.0
2.099594899999829,47.0,45.0
2.102549399999589,46.0,44.0
2.1056533999999374,46.0,44.0
2.1100730999996813,45.0,45.0
2.112676300000203,45.0,45.0
2.1155817999997453,45.0,45.0
2.1184659999998985,45.0,45.0
2.1215771999995923,45.0,45.0
2.1245967000004384,45.0,45.0
2.1274755000004006,45.0,45.0
2.1306108999997377,45.0,45.0
2.134570799999892,45.0,45.0
2.1376712999999654,45.0,46.0
2.1406103999997868,45.0,46.0
2.1435701000000336,45.0,46.0
2.1465022000002136,45.0,46.0
2.149571500000093,45.0,46.0
2.153329599999779,45.0,45.0
2.1566376999999193,45.0,45.0
2.1595868000003975,45.0,45.0
2.1625769000002038,45.0,45.0
2.1655914000002667,45.0,45.0
2.168481200000315,45.0,45.0
2.1716828999997233,45.0,45.0
2.176130699999703,45.0,45.0
2.178573299999698,45.0,45.0
2.1816485999997894,45.0,45.0
2.1845346999998583,45.0,45.0
2.187562899999648,44.0,45.0
2.19062010000016,44.0,45.0
2.193555699999706,44.0,45.0
2.1981126999999105,45.0,45.0
2.2005161999995835,45.0,45.0
2.2036049999996976,45.0,45.0
2.2066492000003564,45.0,45.0
2.209564699999646,45.0,45.0
2.212623800000074,45.0,45.0
2.2156269999995857,45.0,45.0
2.2185437999996793,45.0,45.0
2.221650100000261,45.0,45.0
2.224588699999913,46.0,45.0
2.2274682999996003,46.0,45.0
2.2305859999996756,46.0,45.0
2.2345471999997244,46.0,45.0
2.237597999999707,45.0,45.0
2.240461999999752,45.0,45.0
2.2435590000004595,45.0,45.0
2.2465978000000177,45.0,44.0
2.2495693000000756,45.0,44.0
2.2525382000003447,45.0,44.0
2.2556399000004603,45.0,44.0
2.258583300000282,45.0,44.0
2.262286099999983,45.0,45.0
2.2655439000000115,45.0,45.0
2.2685953000000154,45.0,45.0
2.271668700000191,45.0,46.0
2.2744713000001866,45.0,46.0
2.277541499999643,45.0,46.0
2.280648900000415,45.0,46.0
2.283536500000082,45.0,44.0
2.28653630000008,46.0,44.0
2.289633800000047,46.0,44.0
2.292572100000143,46.0,44.0
2.2955604999997377,46.0,45.0
2.2985043999997288,45.0,45.0
2.301589700000477,45.0,45.0
2.3045955999996295,45.0,45.0
2.307559500000025,45.0,46.0
2.3104896000004373,45.0,46.0
2.313594899999771,45.0,46.0
2.316620900000089,45.0,46.0
2.3194784999996045,45.0,45.0
2.32266460000028,45.0,45.0
2.325539600000411,45.0,45.0
2.328631200000018,45.0,45.0
2.3315629999997327,45.0,46.0
2.3355908000003183,46.0,46.0
2.3386781999997766,46.0,46.0
2.3415560000003097,46.0,46.0
2.344447299999956,46.0,46.0
2.3490828000003603,45.0,45.0
2.3514814000000115,45.0,45.0
2.354844999999841,45.0,45.0
2.357555300000058,43.0,45.0
2.360540800000308,43.0,45.0
2.363632100000359,43.0,45.0
2.3665467999999237,43.0,44.0
2.3711448000003656,45.0,45.0
2.3736139000002368,47.0,45.0
2.3764281000003393,47.0,45.0
2.3796368000002985,47.0,45.0
2.3826238000001467,46.0,45.0
2.3854584999999133,46.0,45.0
2.3886386000003768,46.0,45.0
2.392240000000129,45.0,45.0
2.3956003000002966,46.0,45.0
2.398505400000431,46.0,45.0
2.401534399999946,46.0,46.0
2.4046128999998473,46.0,46.0
2.4075744000001578,47.0,46.0
2.4105931000003693,47.0,46.0
2.415133600000445,45.0,45.0
2.417439099999683,45.0,45.0
2.4206420999998954,43.0,45.0
2.4236708999997063,43.0,45.0
2.4265892000003078,43.0,45.0
2.4295470999995814,43.0,45.0
2.4342422999998234,45.0,45.0
2.4376799000001483,45.0,45.0
2.440650800000185,45.0,45.0
2.443577500000174,47.0,45.0
2.4467180999999982,47.0,45.0
2.449538300000313,47.0,45.0
2.452547799999593,47.0,45.0
2.4563481000004685,45.0,45.0
2.4595828999999867,45.0,45.0
2.462564399999792,45.0,45.0
2.4656172000004517,45.0,45.0
2.468475700000454,45.0,45.0
2.471602300000086,45.0,45.0
2.4745019000001776,45.0,44.0
2.478280299999824,45.0,45.0
2.4816204999997353,45.0,45.0
2.4845531999999366,45.0,45.0
2.4876610999999684,45.0,45.0
2.4904771000001347,45.0,45.0
2.49352110000018,45.0,45.0
2.4966262999996616,45.0,45.0
2.4995927999998457,45.0,45.0
2.5025845000000118,45.0,45.0
2.5057481000003463,46.0,45.0
2.5085824999996476,46.0,45.0
2.5114534000003914,46.0,46.0
2.514593099999729,46.0,46.0
2.5176054000003205,45.0,46.0
2.5213667999996687,45.0,45.0
2.5245114999997895,45.0,44.0
2.5275166999999783,45.0,44.0
2.5306314999997994,46.0,44.0
2.534626599999683,46.0,44.0
2.537517200000366,46.0,44.0
2.5420497000004616,45.0,45.0
2.544536700000208,45.0,45.0
2.5475454999996145,45.0,46.0
2.5505817000002935,45.0,46.0
2.553602199999659,44.0,46.0
2.5565374999996493,44.0,46.0
2.559533300000112,44.0,46.0
2.564128300000448,45.0,45.0
2.566569200000231,46.0,45.0
2.5695225999998,46.0,45.0
2.5726033999999345,46.0,45.0
2.5755427000003692,46.0,45.0
2.5786191999995935,46.0,45.0
2.581650400000399,46.0,45.0
2.586053900000479,45.0,45.0
2.5886773000001995,45.0,45.0
2.591530700000476,45.0,45.0
2.5944965999997294,45.0,46.0
2.5977709999997387,45.0,46.0
2.600592499999948,45.0,46.0
2.6035514000004696,43.0,46.0
2.6072544999997262,45.0,45.0
2.6105274999999892,45.0,45.0
2.613726599999609,45.0,45.0
2.6166080000002694,46.0,45.0
2.619496899999831,46.0,45.0
2.62255340000047,46.0,45.0
2.625563599999623,46.0,45.0
2.6293217000002187,45.0,45.0
2.6326372000003175,45.0,46.0
2.6364792000003945,45.0,46.0
2.6397502999998324,46.0,46.0
2.642547499999637,46.0,45.0
2.645600900000318,46.0,45.0
2.6492817999996987,45.0,45.0
2.652561400000195,45.0,45.0
2.6556770999995933,45.0,46.0
2.658484800000224,45.0,46.0
2.6616010999996433,45.0,46.0
2.6645900000003166,44.0,46.0
2.667491500000324,44.0,46.0
2.672110800000155,45.0,45.0
2.674466499999653,45.0,45.0
2.6776040000004286,44.0,45.0
2.680528900000354,44.0,45.0
2.6835430000000997,44.0,45.0
2.6865162000003693,44.0,45.0
2.6896205000002738,45.0,45.0
2.693336299999828,45.0,45.0
2.6966561999997793,45.0,45.0
2.699583900000107,44.0,45.0
2.7025368000004164,44.0,45.0
2.7055467999998655,44.0,45.0
2.7084756000003836,44.0,45.0
2.7115286999996897,44.0,45.0
2.715308599999844,45.0,45.0
2.7185214000000997,45.0,46.0
2.7215699999997014,45.0,46.0
2.72455170000012,45.0,46.0
2.727543400000286,45.0,45.0
2.730537700000241,45.0,45.0
2.7345053999997617,45.0,45.0
2.7375770999997258,46.0,45.0
2.740552000000207,46.0,44.0
2.7435028999998394,46.0,44.0
2.7465775000000576,46.0,44.0
2.749619999999595,46.0,44.0
2.7525088000002143,46.0,46.0
2.757067499999721,45.0,45.0
2.7595829000001686,45.0,45.0
2.762519400000201,44.0,45.0
2.765542000000096,44.0,45.0
2.768568100000266,44.0,45.0
2.7715463000004092,44.0,45.0
2.7744847000003574,44.0,45.0
2.779051000000436,45.0,45.0
2.7815598999995927,45.0,45.0
2.7845540999996956,45.0,45.0
2.7876139999998486,44.0,45.0
2.790516099999877,44.0,45.0
2.7934667999998055,44.0,45.0
2.7966287999997803,44.0,45.0
2.8002948000003016,45.0,45.0
2.8035743999998886,45.0,45.0
2.806536099999903,45.0,45.0
2.8095321999999214,48.0,45.0
2.8125582000002396,48.0,45.0
2.8154624999997395,48.0,45.0
2.818543200000022,48.0,45.0
2.822306299999582,44.0,45.0
2.825511799999731,44.0,46.0
2.828535599999668,44.0,46.0
2.8316618999997445,44.0,46.0
2.835587499999747,45.0,46.0
2.838528199999928,45.0,46.0
2.842350300000362,45.0,45.0
2.845564299999751,45.0,45.0
2.848639699999694,44.0,45.0
2.8515722000001915,44.0,45.0
2.8545807999998942,44.0,45.0
2.8575560999997833,44.0,45.0
2.860428099999808,44.0,44.0
2.8650863000002573,45.0,45.0
2.8675561000000016,45.0,45.0
2.8704586000003474,46.0,45.0
2.8735108000000764,46.0,46.0
2.8765683999999965,46.0,46.0
2.879606600000443,46.0,46.0
2.8826271999996607,45.0,46.0
2.8863196000002063,45.0,45.0
2.889763099999982,45.0,45.0
2.8925371000004816,45.0,45.0
2.895473700000366,45.0,45.0
2.898608200000126,45.0,43.0
2.9015533000001597,45.0,43.0
2.9044864999996207,45.0,43.0
2.909077199999956,45.0,45.0
2.911611200000152,45.0,46.0
2.914525700000013,45.0,46.0
2.9175023999996483,45.0,46.0
2.920538899999883,44.0,46.0
2.923632500000167,44.0,46.0
2.9264923000000636,44.0,46.0
2.931171899999754,45.0,45.0
2.9354886999999508,45.0,46.0
2.938646100000369,45.0,46.0
2.9416360000004715,45.0,46.0
2.944456799999898,46.0,45.0
2.947565100000247,46.0,45.0
2.9512705999995887,45.0,45.0
2.9545223000004626,45.0,45.0
2.957484999999906,44.0,46.0
2.9605781000000206,44.0,46.0
2.963701700000456,44.0,46.0
2.9665298999998413,44.0,46.0
2.969455999999809,44.0,46.0
2.9741401000001133,45.0,45.0
2.9764617999999246,45.0,45.0
2.979600599999685,45.0,45.0
2.9825567999996565,45.0,44.0
2.985483800000111,45.0,44.0
2.988635200000317,45.0,44.0
2.9915467999999237,45.0,44.0
2.996066599999722,45.0,45.0
2.99848750000001,45.0,45.0
3.0014993000004324,45.0,45.0
3.004502599999796,44.0,43.0
3.0075041000000056,44.0,43.0
3.010536200000388,44.0,43.0
3.0136873999999807,44.0,43.0
3.017226599999958,46.0,44.0
3.0205035999997563,46.0,44.0
3.023601900000358,46.0,44.0
3.0265356999998403,46.0,44.0
3.029588800000056,45.0,45.0
3.033519499999784,45.0,45.0
3.036528599999656,45.0,45.0
3.039665899999818,45.0,45.0
3.0424713000002157,47.0,49.0
3.045464599999832,47.0,49.0
3.0485852000001614,47.0,49.0
3.0515691999999035,47.0,49.0
3.0544921000000613,46.0,49.0
3.0590860000002067,45.0,45.0
3.0614590000004682,45.0,45.0
3.064593699999932,45.0,45.0
3.0675045999996655,41.0,45.0
3.070538900000429,41.0,45.0
3.0736055999996097,41.0,45.0
3.0764350999997987,41.0,45.0
3.081098800000291,43.0,43.0
3.083562900000288,43.0,43.0
3.086568400000033,43.0,43.0
3.0896945000004052,43.0,45.0
3.092513300000064,44.0,45.0
3.0954600000004575,44.0,45.0
3.0985461000000214,44.0,45.0
3.1030253999997512,45.0,45.0
3.105493099999876,49.0,45.0
3.1085597999999663,49.0,45.0
3.111674099999618,49.0,45.0
3.1145698999998785,50.0,45.0
3.117472599999928,50.0,45.0
3.1205612000003384,50.0,45.0
3.1242898000000423,45.0,45.0
3.127585000000181,45.0,44.0
3.130651499999658,45.0,44.0
3.134606800000256,45.0,44.0
3.1375489000001835,45.0,45.0
3.140508999999838,44.0,45.0
3.144308099999762,45.0,45.0
3.1476033999997526,45.0,45.0
3.1505263999997624,45.0,45.0
3.1536239999995814,46.0,45.0
3.156579200000124,46.0,45.0
3.159555100000034,46.0,45.0
3.162630800000443,46.0,44.0
3.1663159999998243,45.0,45.0
3.169497200000478,45.0,45.0
3.172619400000258,45.0,45.0
3.175641099999666,45.0,45.0
3.1786167000000205,45.0,45.0
3.181579899999633,45.0,45.0
3.184530700000323,45.0,45.0
3.1876830000001064,45.0,45.0
3.1904733000001215,45.0,45.0
3.193546900000001,45.0,45.0
3.1966191999999864,45.0,45.0
3.199461600000177,45.0,46.0
3.2024451999996018,45.0,46.0
3.20561699999962,45.0,46.0
3.209299199999805,45.0,45.0
3.21258300000045,45.0,44.0
3.215581600000405,45.0,44.0
3.218507100000352,45.0,44.0
3.2215783999999985,45.0,45.0
3.224653500000386,45.0,45.0
3.2275307999998404,45.0,45.0
3.2305592000002434,45.0,45.0
3.2344544999996288,45.0,45.0
3.23756560000038,45.0,45.0
3.2405029000001377,45.0,45.0
3.2434917000000496,45.0,45.0
3.2465996000000814,45.0,45.0
3.249615200000335,46.0,45.0
3.2532892999997785,45.0,45.0
3.2565252000003966,45.0,45.0
3.2595806999997876,45.0,45.0
3.2625950999999986,44.0,45.0
3.2654695999999603,44.0,45.0
3.268460600000253,44.0,45.0
3.271531800000048,44.0,44.0
3.2753309999998237,45.0,45.0
3.2786324999997305,45.0,45.0
3.2816602000002604,45.0,45.0
3.2844999999997526,45.0,44.0
3.287632499999745,46.0,44.0
3.2904680999999982,46.0,44.0
3.2934619999996357,46.0,44.0
3.2974339000002146,45.0,45.0
3.30060659999981,44.0,45.0
3.3035579999996116,44.0,45.0
3.3066093999996156,44.0,45.0
3.3094645999999557,43.0,45.0
3.3126357000001008,43.0,45.0
3.315472199999931,43.0,45.0
3.319317299999966,45.0,45.0
3.3225201000004745,45.0,45.0
3.3255505999995876,45.0,45.0
3.3286090000001423,45.0,45.0
3.331597800000054,45.0,45.0
3.335468199999923,45.0,45.0
3.3385270999997374,45.0,45.0
3.3416070000002946,45.0,45.0
3.3445596999999907,45.0,45.0
3.3475758000004134,46.0,45.0
3.350520900000447,46.0,45.0
3.353579300000092,46.0,45.0
3.3564776000002894,46.0,45.0
3.3594843000000765,45.0,45.0
3.362656799999968,45.0,45.0
3.3654537000002165,45.0,45.0
3.3684853000004296,45.0,46.0
3.371515800000452,46.0,46.0
3.374595899999804,46.0,46.0
3.377486399999725,46.0,46.0
3.3813452000003963,45.0,45.0
3.3844945000000735,45.0,45.0
3.3876544000004287,45.0,45.0
3.390565100000458,45.0,46.0
3.3935412000000724,45.0,46.0
3.3966450999996596,45.0,46.0
3.399481499999638,45.0,46.0
3.402458999999908,45.0,45.0
3.405573199999708,45.0,45.0
3.408542000000125,45.0,45.0
3.4114668000001984,45.0,45.0
3.414525700000013,45.0,45.0
3.4174912999997105,45.0,45.0
3.420537900000454,45.0,45.0
3.423643899999661,45.0,45.0
3.4264203000002453,45.0,45.0
3.429548299999624,45.0,45.0
3.4335368000001836,44.0,45.0
3.4366118999996615,44.0,45.0
3.439572500000395,44.0,46.0
3.4424738999996407,44.0,46.0
3.4470861999998306,45.0,45.0
3.4494998000000123,45.0,45.0
3.452505899999778,45.0,45.0
3.455559400000311,45.0,45.0
3.45851440000024,45.0,45.0
3.4615700000003926,45.0,45.0
3.464526599999772,45.0,44.0
3.4683642999998483,45.0,45.0
3.4715357000004587,45.0,45.0
3.474571300000207,45.0,45.0
3.4774709000002986,45.0,45.0
3.480498699999771,45.0,45.0
3.4834970000001704,45.0,45.0
3.4864504999995916,45.0,45.0
3.490406500000063,45.0,45.0
3.493577799999912,44.0,45.0
3.496520700000474,44.0,45.0
3.4995723000001817,44.0,46.0
3.5025327000003017,44.0,46.0
3.5056319000004805,45.0,46.0
3.508529599999747,45.0,46.0
3.5122789999995803,45.0,45.0
3.515498900000239,45.0,45.0
3.518500899999708,46.0,45.0
3.521580300000096,46.0,45.0
3.524595099999715,46.0,45.0
3.527487299999848,46.0,45.0
3.5305373000001055,47.0,45.0
3.5352232000004733,45.0,45.0
3.538585100000091,45.0,44.0
3.5414841000001616,44.0,44.0
3.5444760999998834,44.0,44.0
3.547543499999847,44.0,45.0
3.550495999999839,44.0,45.0
3.5534833000001527,44.0,45.0
3.5572916000000987,45.0,45.0
3.5604888999996547,45.0,46.0
3.5636219999996683,45.0,46.0
3.5665030000000115,46.0,46.0
3.569581599999765,46.0,46.0
3.5725476999996317,46.0,46.0
3.575488399999813,46.0,46.0
3.5801916000000347,45.0,45.0
3.582535600000483,45.0,45.0
3.585568399999829,45.0,45.0
3.588507700000264,45.0,45.0
3.5915218000000095,45.0,45.0
3.594515499999943,45.0,45.0
3.5976496000002953,45.0,45.0
3.600462499999594,45.0,45.0
3.603432900000371,45.0,45.0
3.6065123999997013,45.0,45.0
3.6096058000002813,45.0,45.0
3.6124993000003087,45.0,45.0
3.6155440000002272,43.0,45.0
3.618470200000047,43.0,45.0
3.6223022000003766,45.0,45.0
3.6254666000004363,45.0,45.0
3.628617999999733,46.0,45.0
3.6316077999999834,46.0,45.0
3.635452299999997,46.0,45.0
3.638563200000135,46.0,45.0
3.6423647999999957,45.0,45.0
3.6455691999999544,45.0,44.0
3.648516500000369,45.0,44.0
3.6515196999998807,46.0,44.0
3.6545024999995803,46.0,44.0
3.6574853000001895,46.0,45.0
3.6604809999998906,46.0,45.0
3.663607100000263,45.0,45.0
3.666625599999861,45.0,45.0
3.669481199999609,45.0,44.0
3.6725353000001633,45.0,44.0
3.6755000000002838,45.0,44.0
3.6785931000003984,45.0,44.0
3.6816083000003346,45.0,45.0
3.6844527000002927,45.0,45.0
3.6874840999998924,45.0,45.0
3.69048389999989,45.0,45.0
3.6934970000002068,45.0,44.0
3.6966648999996323,45.0,44.0
3.6994697000000087,45.0,44.0
3.7025112000001172,44.0,44.0
3.706356400000004,45.0,45.0
3.709595399999671,45.0,45.0
3.7125224000001253,45.0,45.0
3.7155460000003586,45.0,45.0
3.7184887000003073,45.0,45.0
3.7216146999999182,45.0,45.0
3.7245307000002867,45.0,45.0
3.727490399999624,45.0,45.0
3.730533099999775,45.0,44.0
3.734560799999599,45.0,44.0
3.737587800000256,46.0,44.0
3.7404531000001953,46.0,44.0
3.743459199999961,46.0,44.0
3.746609200000421,46.0,44.0
3.7502915000004577,45.0,45.0
3.75359490000028,45.0,45.0
3.756503800000246,45.0,45.0
3.7594773999999234,45.0,45.0
3.762567599999784,45.0,45.0
3.7655500000000757,45.0,46.0
3.7685137999997096,45.0,46.0
3.7722788999999466,45.0,45.0
3.775479500000074,46.0,45.0
3.7786066999997274,46.0,45.0
3.78156029999991,46.0,45.0
3.7845665000004374,46.0,45.0
3.787518199999795,45.0,45.0
3.7904888000002757,45.0,45.0
3.7934910000003583,45.0,45.0
3.7966229000003295,45.0,45.0
3.7995614000001297,45.0,45.0
3.8024247000003015,45.0,45.0
3.8056040999999823,45.0,45.0
3.8085395999996763,45.0,45.0
3.811501500000304,47.0,45.0
3.8153050000000803,45.0,45.0
3.818466900000203,45.0,45.0
3.821511400000418,45.0,45.0
3.8244629999999233,43.0,45.0
3.8275501999996777,43.0,45.0
3.8304838000003656,43.0,45.0
3.8352826000000277,45.0,45.0
3.8385276999997586,45.0,44.0
3.841547900000478,45.0,44.0
3.8444931000003635,45.0,44.0
3.8476486999998087,45.0,44.0
3.8505855000003066,45.0,44.0
3.8535054000003583,45.0,44.0
3.8572916000002806,45.0,45.0
3.8604676000004474,45.0,45.0
3.863655600000129,45.0,45.0
3.866500299999643,45.0,45.0
3.8695440999999846,45.0,45.0
3.8725475999999617,45.0,45.0
3.875605999999607,45.0,45.0
3.8785571999997046,45.0,45.0
3.881552300000294,45.0,45.0
3.884485499999755,46.0,45.0
3.8875889999999345,46.0,46.0
3.8905326000003697,46.0,46.0
3.8935647999996945,46.0,46.0
3.8964999999998327,46.0,46.0
3.9002424000000246,45.0,45.0
3.90350269999999,45.0,45.0
3.9065184999999474,45.0,45.0
3.9095722000001842,44.0,45.0
3.9125280999996903,44.0,45.0
3.915490399999726,44.0,45.0
3.9185174000003826,44.0,45.0
3.9230696000004173,45.0,45.0
3.9254448000001503,45.0,45.0
3.9285938000002716,45.0,45.0
3.9315512000002855,45.0,45.0
3.935478100000182,45.0,45.0
3.9386287999996057,45.0,45.0
3.94146499999988,45.0,45.0
3.944419700000253,46.0,45.0
3.9475689999999304,46.0,45.0
3.950633600000401,46.0,45.0
3.9534535000002506,46.0,45.0
3.95656500000041,45.0,45.0
3.9595310000004247,45.0,44.0
3.963265600000341,45.0,45.0
3.9665900999998485,45.0,45.0
3.9695205999996688,46.0,45.0
3.972735399999692,46.0,45.0
3.975474800000484,46.0,45.0
3.978518400000212,46.0,45.0
3.981550600000446,45.0,45.0
3.984582400000363,45.0,45.0
3.987540099999933,45.0,45.0
3.9904592000002594,45.0,45.0
3.9935238999996727,45.0,45.0
3.9965940000001865,45.0,45.0
3.999527500000113,45.0,45.0
4.002495699999599,45.0,45.0
4.00711500000034,44.0,44.0
4.009491900000285,44.0,44.0
4.012531399999716,44.0,44.0
4.015542299999652,44.0,44.0
4.018565999999737,46.0,44.0
4.0215273000003435,46.0,44.0
4.0244574999996985,46.0,44.0
4.029126200000064,45.0,45.0
4.03153409999959,46.0,45.0
4.0354434000000765,46.0,45.0
4.038528799999767,46.0,45.0
4.0415891000002375,46.0,45.0
4.04445190000024,48.0,47.0
4.049101999999948,45.0,45.0
4.051496299999599,45.0,45.0
4.054596599999968,44.0,47.0
4.057460300000457,44.0,47.0
4.0605444000002535,44.0,47.0
4.063537400000314,44.0,47.0
4.066502100000434,41.0,46.0
4.07109330000003,44.0,45.0
4.07351749999998,44.0,45.0
4.0764775999996345,44.0,45.0
4.079504500000439,40.0,45.0
4.08256640000036,40.0,45.0
4.085466700000325,40.0,45.0
4.088526100000308,40.0,45.0
4.092285300000185,46.0,45.0
4.095579900000303,46.0,45.0
4.098597000000154,46.0,45.0
4.10151180000048,46.0,45.0
4.1044958000002225,49.0,44.0
4.1075394999998025,49.0,44.0
4.110461799999939,49.0,44.0
4.115120800000113,45.0,45.0
4.117517700000462,45.0,45.0
4.1205188000003545,45.0,45.0
4.123609600000236,45.0,45.0
4.126612699999896,45.0,45.0
4.1294746000003215,45.0,45.0
4.133549500000299,45.0,45.0
4.136456899999757,45.0,45.0
4.139618199999859,45.0,46.0
4.142520600000353,45.0,46.0
4.1455722999999125,45.0,46.0
4.1485294000003705,45.0,46.0
4.151504600000408,45.0,45.0
4.154508999999962,45.0,45.0
4.15759270000035,45.0,45.0
4.160489799999596,45.0,45.0
4.163617199999862,45.0,44.0
4.16657159999977,46.0,44.0
4.1695636000004015,46.0,44.0
4.172661499999776,46.0,44.0
4.176294799999596,45.0,46.0
4.179518599999938,44.0,46.0
4.182499800000187,44.0,46.0
4.185513600000377,44.0,46.0
4.188665800000308,44.0,46.0
4.191554500000166,44.0,46.0
4.194476499999837,44.0,46.0
4.199054499999875,45.0,45.0
4.201530999999704,45.0,44.0
4.204504399999678,45.0,44.0
4.207547500000146,45.0,44.0
4.2106487999999445,45.0,45.0
4.2135502000001,45.0,45.0
4.216580000000249,45.0,45.0
4.219490000000405,45.0,45.0
4.2226848999998765,45.0,45.0
4.225536900000407,45.0,45.0
4.228556299999582,45.0,45.0
4.231627299999673,45.0,45.0
4.235533199999736,45.0,45.0
4.238607100000081,45.0,45.0
4.24158720000014,45.0,45.0
4.24442530000033,45.0,45.0
4.247542199999771,45.0,44.0
4.250560499999665,45.0,44.0
4.253619600000093,45.0,44.0
4.256575499999599,45.0,44.0
4.259485200000199,45.0,45.0
4.26248779999969,45.0,45.0
4.265489399999751,45.0,45.0
4.268532899999627,45.0,45.0
4.27165849999983,45.0,45.0
4.27448269999968,47.0,45.0
4.277495500000441,47.0,45.0
4.28058080000028,47.0,45.0
4.285061399999904,45.0,45.0
4.2875905000000785,44.0,45.0
4.290539399999943,44.0,45.0
4.293612200000098,44.0,45.0
4.296575200000007,44.0,46.0
4.299491599999783,44.0,46.0
4.30251539999972,44.0,46.0
4.307062699999733,45.0,45.0
4.3095439999997325,45.0,44.0
4.312498299999788,44.0,44.0
4.31553890000032,44.0,44.0
4.318534300000465,44.0,44.0
4.3215454999999565,44.0,44.0
4.324558299999808,44.0,44.0
4.329094100000475,45.0,45.0
4.331509399999959,45.0,44.0
4.335535000000164,45.0,44.0
4.338684899999862,45.0,44.0
4.341569600000184,45.0,44.0
4.3444682999997895,45.0,46.0
4.349105700000109,45.0,45.0
4.351511699999719,45.0,45.0
4.354575100000147,45.0,45.0
4.357618799999727,45.0,44.0
4.360508699999627,43.0,44.0
4.363601500000186,43.0,44.0
4.366573000000244,43.0,44.0
4.370292300000074,45.0,45.0
4.373586900000191,47.0,45.0
4.376477900000282,47.0,45.0
4.379576899999847,47.0,45.0
4.382650999999896,47.0,45.0
4.38546740000038,46.0,45.0
4.388622399999804,46.0,45.0
4.392299899999671,45.0,45.0
4.39548300000024,45.0,45.0
4.398530899999969,45.0,45.0
4.401545400000032,45.0,45.0
4.4045821999998225,45.0,44.0
4.407458300000144,45.0,44.0
4.410448599999654,46.0,44.0
4.415081600000121,45.0,45.0
4.417500399999881,45.0,45.0
4.4204969000002166,44.0,45.0
4.423544100000072,44.0,45.0
4.426555500000177,44.0,45.0
4.429589999999735,44.0,45.0
4.4335768999999345,45.0,45.0
4.436429000000317,45.0,45.0
4.4396655000000464,45.0,45.0
4.442508500000258,45.0,45.0
4.445506699999896,46.0,45.0
4.448623299999781,46.0,45.0
4.451493100000334,46.0,45.0
4.456073199999992,45.0,45.0
4.458527499999946,44.0,45.0
4.461582300000373,44.0,45.0
4.464587100000244,44.0,47.0
4.467507899999873,44.0,47.0
4.470481399999699,44.0,47.0
4.473577900000237,44.0,47.0
4.47808139999961,45.0,45.0
4.480602499999804,45.0,45.0
4.483637999999701,44.0,45.0
4.486441300000479,44.0,45.0
4.489677300000039,44.0,46.0
4.492525700000442,44.0,46.0
4.495557600000211,43.0,46.0
4.500097899999673,45.0,45.0
4.502445699999953,45.0,45.0
4.505709400000342,45.0,45.0
4.508537400000023,46.0,45.0
4.511503400000038,46.0,45.0
4.514642000000094,46.0,45.0
4.517561599999681,46.0,45.0
4.521319499999663,45.0,45.0
4.524546700000428,45.0,43.0
4.527512399999978,45.0,43.0
4.530613799999628,44.0,43.0
4.534449900000254,44.0,43.0
4.5375849000001836,44.0,44.0
4.542139700000007,45.0,45.0
4.544466999999713,46.0,45.0
4.547660600000199,46.0,45.0
4.5505890000004,46.0,46.0
4.55348210000011,46.0,46.0
4.55665399999998,45.0,46.0
4.559621800000059,45.0,46.0
4.562572699999691,45.0,45.0
4.565538699999706,45.0,45.0
4.568486799999846,45.0,45.0
4.571561400000064,45.0,45.0
4.574552600000061,45.0,46.0
4.577446399999644,45.0,46.0
4.5805263000002014,45.0,46.0
4.584318100000019,45.0,45.0
4.587624200000391,45.0,44.0
4.590567100000044,45.0,44.0
4.59350699999959,47.0,44.0
4.596552199999678,47.0,44.0
4.599548400000458,47.0,44.0
4.602525999999671,47.0,44.0
4.607103800000004,43.0,45.0
4.60950000000048,43.0,45.0
4.612523800000417,43.0,45.0
4.6155173999995895,43.0,45.0
4.618540700000267,43.0,45.0
4.621596900000441,43.0,46.0
4.6245412999996915,43.0,46.0
4.629150800000389,45.0,45.0
4.631570499999725,46.0,45.0
4.635511299999962,46.0,44.0
4.6386294000003545,46.0,44.0
4.6414881000000605,48.0,44.0
4.644414200000028,48.0,44.0
4.648297400000047,45.0,45.0
4.651557700000012,45.0,45.0
4.654485000000022,43.0,45.0
4.657449500000439,43.0,45.0
4.660414699999819,43.0,45.0
4.663651200000459,43.0,45.0
4.666589299999941,43.0,45.0
4.671094399999674,45.0,45.0
4.673504100000173,45.0,45.0
4.676430399999845,45.0,45.0
4.679679400000168,45.0,45.0
4.682510700000421,45.0,46.0
4.685459199999968,45.0,46.0
4.688589999999749,45.0,46.0
4.693144699999721,45.0,45.0
4.695518600000469,45.0,44.0
4.698635599999761,45.0,44.0
4.701501499999722,47.0,44.0
4.70454030000019,47.0,44.0
4.7074828000004345,47.0,44.0
4.710468000000219,47.0,44.0
4.715077900000324,45.0,45.0
4.717449200000374,45.0,46.0
4.720446600000287,45.0,46.0
4.723531499999808,45.0,46.0
4.726445700000113,44.0,46.0
4.729490200000328,44.0,46.0
4.735027800000353,45.0,45.0
4.7374705000001995,45.0,45.0
4.740594099999726,44.0,45.0
4.743495800000346,44.0,44.0
4.746523099999649,44.0,44.0
4.749593300000015,44.0,44.0
4.752414100000351,44.0,44.0
4.757099399999788,45.0,45.0
4.759501700000328,45.0,45.0
4.762486900000113,46.0,45.0
4.765510100000029,46.0,45.0
4.7684761999998955,46.0,45.0
4.7715274000001955,46.0,45.0
4.774571400000241,46.0,45.0
4.779113200000211,45.0,45.0
4.781526599999779,45.0,45.0
4.784446900000148,45.0,45.0
4.787503200000174,46.0,45.0
4.790583500000139,46.0,44.0
4.793473900000208,46.0,44.0
4.796645000000353,46.0,44.0
4.80030749999969,45.0,45.0
4.803535400000328,45.0,46.0
4.806608900000356,45.0,46.0
4.809513100000004,45.0,46.0
4.812461399999847,45.0,46.0
4.815547600000173,45.0,45.0
4.818659100000332,45.0,45.0
4.8214774999996735,45.0,45.0
4.824448299999858,45.0,45.0
4.827438600000278,45.0,45.0
4.830525800000032,45.0,45.0
4.834562500000175,45.0,45.0
4.837498699999742,45.0,46.0
4.840491300000394,45.0,46.0
4.844200600000477,45.0,45.0
4.847628900000018,45.0,45.0
4.8505296000003,45.0,44.0
4.853471499999614,45.0,44.0
4.856512899999871,45.0,44.0
4.859474799999589,45.0,44.0
4.8625583000002734,45.0,45.0
4.86554789999991,45.0,45.0
4.868535700000393,45.0,45.0
4.871573299999909,45.0,45.0
4.874545200000284,45.0,44.0
4.877451100000144,45.0,44.0
4.880554000000302,45.0,44.0
4.883506199999829,45.0,44.0
4.887314700000388,45.0,45.0
4.890537799999947,45.0,45.0
4.893468999999641,45.0,45.0
4.896621200000482,44.0,45.0
4.899600900000223,44.0,44.0
4.902521099999831,44.0,44.0
4.905628999999863,44.0,44.0
4.910103600000184,45.0,45.0
4.912518299999647,46.0,46.0
4.915518300000258,46.0,46.0
4.918477899999743,46.0,46.0
4.921559600000364,45.0,46.0
4.924548199999663,45.0,45.0
4.927567400000044,45.0,45.0
4.930659300000116,45.0,45.0
4.934504400000151,45.0,45.0
4.937483599999723,45.0,45.0
4.940566199999921,45.0,45.0
4.943507199999658,45.0,45.0
4.946493299999929,45.0,45.0
4.949490900000455,45.0,45.0
4.952486700000009,45.0,45.0
4.955530700000054,45.0,45.0
4.95854589999999,46.0,46.0
4.961513299999751,46.0,46.0
4.964545400000134,46.0,46.0
4.967462700000397,46.0,46.0
4.970514900000126,45.0,46.0
4.974331700000221,45.0,45.0
4.977453200000127,45.0,45.0
4.980555899999672,45.0,45.0
4.983523500000047,45.0,44.0
4.986473199999637,45.0,44.0
4.989793400000053,45.0,44.0
4.99256349999996,45.0,44.0
4.9970980999996755,45.0,45.0
4.999525799999901,45.0,45.0
5.00242470000012,45.0,45.0
5.0057433000001765,45.0,45.0
5.008591099999649,45.0,43.0
5.011421899999732,45.0,43.0
5.014617800000451,45.0,43.0
5.018270100000336,45.0,45.0
5.0216278999996575,44.0,43.0
5.024583600000369,44.0,43.0
5.027475599999889,44.0,43.0
5.030614600000263,44.0,45.0
5.034475899999961,45.0,45.0
5.037547900000391,45.0,45.0
5.040515599999708,45.0,45.0
5.043474299999616,47.0,47.0
5.046609300000455,47.0,47.0
5.049569699999665,47.0,47.0
5.0524484999996275,47.0,47.0
5.055614199999582,45.0,48.0
5.05930460000036,45.0,45.0
5.062488700000358,45.0,45.0
5.065546099999665,45.0,45.0
5.068518400000357,40.0,45.0
5.071582900000067,40.0,45.0
5.074501400000372,40.0,45.0
5.077454399999624,40.0,45.0
5.081363000000238,45.0,45.0
5.084538299999622,45.0,45.0
5.0875035999997635,45.0,45.0
5.090496499999972,45.0,45.0
5.093489200000477,48.0,45.0
5.096591800000169,48.0,45.0
5.0996211000001495,48.0,45.0
5.1033211000003575,45.0,45.0
5.106514400000378,46.0,44.0
5.109493500000099,46.0,44.0
5.112486699999863,46.0,44.0
5.115472999999838,46.0,45.0
5.118513000000348,46.0,45.0
5.121522000000368,46.0,45.0
5.1253286999999546,45.0,45.0
5.128641600000265,46.0,44.0
5.1316668999998,46.0,44.0
5.135479100000339,46.0,44.0
5.138576000000285,46.0,44.0
5.141488999999638,45.0,44.0
5.145291699999689,45.0,45.0
5.1485609000001205,45.0,45.0
5.151473799999621,45.0,44.0
5.1545853999996325,46.0,44.0
5.157466399999976,46.0,44.0
5.1605633999997735,46.0,44.0
5.163574500000323,46.0,45.0
5.1665696999998545,45.0,45.0
5.169492699999864,45.0,45.0
5.172544699999889,45.0,45.0
5.175495700000283,45.0,46.0
5.178556300000309,45.0,46.0
5.1815652000004775,45.0,46.0
5.184492399999726,45.0,46.0
5.187580499999967,45.0,45.0
5.190440299999864,45.0,45.0
5.193499900000461,45.0,45.0
5.1965651000000435,45.0,45.0
5.199495699999716,45.0,45.0
5.2024621999999,45.0,45.0
5.205596599999808,45.0,45.0
5.208443999999872,45.0,45.0
5.211436900000081,45.0,46.0
5.2145198999996865,46.0,46.0
5.2174456000002465,46.0,46.0
5.220431699999608,46.0,46.0
5.2235999000004085,46.0,46.0
5.226513200000227,45.0,46.0
5.230356199999733,45.0,45.0
5.234466300000349,45.0,45.0
5.237562600000274,45.0,45.0
5.240463000000091,45.0,45.0
5.2434401000000435,45.0,45.0
5.246485599999687,45.0,45.0
5.24948250000034,45.0,45.0
5.252440299999762,46.0,45.0
5.255536200000279,46.0,45.0
5.258493100000123,46.0,45.0
5.261450599999989,46.0,44.0
5.264591799999835,46.0,44.0
5.2674919000000955,46.0,44.0
5.272132699999929,45.0,45.0
5.274439800000437,45.0,45.0
5.277516600000126,45.0,45.0
5.280538900000465,45.0,45.0
5.283605900000111,45.0,45.0
5.286528100000396,45.0,46.0
5.2894962000000305,44.0,46.0
5.294022899999618,45.0,45.0
5.296500000000378,45.0,45.0
5.299596599999859,46.0,45.0
5.302511300000333,46.0,45.0
5.3056045000003,46.0,45.0
5.308436000000256,46.0,45.0
5.311453999999685,46.0,45.0
5.314558799999759,45.0,45.0
5.317464300000211,45.0,45.0
5.320465699999659,45.0,44.0
5.323561799999879,45.0,44.0
5.326444299999821,45.0,44.0
5.329649299999801,45.0,44.0
5.333570599999803,45.0,45.0
5.336504900000364,45.0,45.0
5.3395166000000245,45.0,45.0
5.342489399999977,45.0,45.0
5.34545960000014,45.0,45.0
5.348560299999917,45.0,45.0
5.351480600000286,45.0,45.0
5.354505600000266,45.0,45.0
5.358243100000436,45.0,45.0
5.36155669999971,45.0,45.0
5.364538099999663,45.0,45.0
5.367473500000415,45.0,45.0
5.370458600000347,45.0,46.0
5.3735365000002275,45.0,46.0
5.376457700000174,45.0,46.0
5.380318000000443,45.0,45.0
5.383522199999788,45.0,45.0
5.38649869999972,45.0,45.0
5.389614599999732,45.0,45.0
5.392479799999819,45.0,45.0
5.395488099999966,45.0,45.0
5.398539900000287,45.0,45.0
5.40147590000015,45.0,45.0
5.4044849000001705,45.0,45.0
5.407492700000148,45.0,45.0
5.41051890000017,46.0,45.0
5.413509300000442,46.0,45.0
5.41645840000001,46.0,44.0
5.419478699999672,46.0,44.0
5.423306900000171,45.0,45.0
5.426448400000481,45.0,45.0
5.429561500000091,45.0,46.0
5.433512300000075,45.0,46.0
5.436503699999776,45.0,46.0
5.439481000000342,45.0,46.0
5.442492600000151,45.0,45.0
5.445512199999939,45.0,45.0
5.448540700000194,44.0,45.0
5.451447299999927,44.0,45.0
5.454568299999664,44.0,46.0
5.457463699999607,44.0,46.0
5.460471899999902,46.0,46.0
5.465101599999798,45.0,45.0
5.467433900000287,45.0,44.0
5.470543000000362,44.0,44.0
5.473516600000039,44.0,44.0
5.4764868000002025,44.0,44.0
5.479521500000374,44.0,44.0
5.482481000000007,44.0,44.0
5.487024400000337,45.0,45.0
5.489532999999938,45.0,46.0
5.492459400000371,45.0,46.0
5.495498000000225,45.0,46.0
5.498520899999676,45.0,46.0
5.501483199999711,45.0,46.0
5.504532400000244,45.0,46.0
5.508304300000418,45.0,45.0
5.511468900000182,45.0,45.0
5.5146115999996255,45.0,45.0
5.517519099999845,45.0,45.0
5.520473999999922,45.0,45.0
5.523518799999692,45.0,45.0
5.526505200000429,45.0,45.0
5.529494200000045,45.0,45.0
5.533488699999907,45.0,45.0
5.536486500000137,45.0,45.0
5.539578799999617,45.0,45.0
5.542501300000367,45.0,45.0
5.545445900000232,46.0,45.0
5.54887299999973,46.0,45.0
5.552234900000258,45.0,45.0
5.555585500000234,45.0,45.0
5.558482200000071,44.0,45.0
5.5614746000001105,44.0,44.0
5.564580299999761,44.0,44.0
5.567481099999895,44.0,44.0
5.570444099999804,43.0,44.0
5.574279800000113,45.0,45.0
5.577548000000206,45.0,45.0
5.580508300000474,45.0,45.0
5.583529700000327,45.0,45.0
5.5864457999996375,45.0,45.0
5.589523999999983,45.0,45.0
5.5924974999998085,46.0,45.0
5.596294300000409,45.0,45.0
5.599514999999883,45.0,45.0
5.60245070000019,45.0,45.0
5.605526299999838,45.0,45.0
5.608485200000359,45.0,45.0
5.6114840999998705,45.0,44.0
5.614489599999615,45.0,44.0
5.619073400000161,45.0,45.0
5.621532099999968,45.0,46.0
5.624514899999667,45.0,46.0
5.627459899999849,45.0,46.0
5.630515900000319,44.0,46.0
5.634469900000113,44.0,45.0
5.63873059999969,45.0,45.0
5.64153239999996,45.0,45.0
5.6444311000004745,45.0,45.0
5.647502499999973,45.0,45.0
5.650489700000435,45.0,45.0
5.653568499999892,45.0,45.0
5.656564599999911,45.0,45.0
5.659509899999648,45.0,45.0
5.662524000000303,45.0,45.0
5.66552000000047,45.0,45.0
5.668498699999873,44.0,45.0
5.671526199999789,44.0,45.0
5.674468700000034,44.0,45.0
5.677461299999777,44.0,45.0
5.680571699999746,45.0,45.0
5.683463100000154,45.0,46.0
5.686461999999665,45.0,46.0
5.689574199999697,45.0,46.0
5.692476899999747,44.0,46.0
5.695465699999659,44.0,45.0
5.698547799999687,44.0,45.0
5.702390000000378,45.0,45.0
5.705545900000288,46.0,45.0
5.7085503999996945,46.0,45.0
5.71149080000032,46.0,45.0
5.7145329000004494,46.0,45.0
5.717528400000447,46.0,45.0
5.720500499999616,46.0,45.0
5.72439790000044,45.0,45.0
5.727550800000245,46.0,45.0
5.730701299999964,46.0,45.0
5.734496000000036,46.0,45.0
5.737516199999845,46.0,45.0
5.740483900000072,46.0,45.0
5.745034999999916,45.0,45.0
5.747639799999888,45.0,45.0
5.75051540000004,45.0,45.0
5.753468199999588,45.0,45.0
5.756500600000436,45.0,44.0
5.759487000000263,45.0,44.0
5.7625238999999056,45.0,44.0
5.76630329999989,45.0,45.0
5.7694485000001805,45.0,46.0
5.772596400000111,45.0,46.0
5.775479099999757,44.0,46.0
5.778576200000316,44.0,45.0
5.78153519999978,44.0,45.0
5.784459700000298,44.0,45.0
5.788301900000079,45.0,45.0
5.791525999999976,45.0,45.0
5.794529800000419,45.0,45.0
5.797523600000204,45.0,45.0
5.800516000000243,45.0,45.0
5.803541000000223,45.0,45.0
5.806522300000324,45.0,45.0
5.809518699999899,45.0,45.0
5.812500300000465,45.0,45.0
5.815437799999927,45.0,46.0
5.818467400000372,45.0,46.0
5.821524500000123,45.0,46.0
5.824420300000384,45.0,46.0
5.827485900000283,45.0,45.0
5.830491800000345,45.0,45.0
5.834457500000099,45.0,45.0
5.837497700000313,46.0,45.0
5.840484800000013,46.0,45.0
5.843420199999855,46.0,45.0
5.846556000000419,46.0,45.0
5.849459000000024,46.0,45.0
5.854050799999641,45.0,45.0
5.856463799999801,45.0,45.0
5.859540399999787,45.0,45.0
5.862459500000114,44.0,45.0
5.865446499999962,44.0,44.0
5.868426799999725,44.0,44.0
5.871515900000304,44.0,44.0
5.876114300000154,45.0,45.0
5.878579700000046,45.0,46.0
5.8815144999998665,45.0,46.0
5.884480499999881,45.0,46.0
5.8874957999996695,45.0,46.0
5.890508399999817,45.0,46.0
5.893413900000269,45.0,46.0
5.897279900000285,45.0,45.0
5.900502700000288,44.0,45.0
5.90357800000038,44.0,45.0
5.90651330000037,44.0,45.0
5.909510200000113,44.0,45.0
5.9125018000004275,45.0,44.0
5.91546339999968,45.0,44.0
5.91930450000018,45.0,45.0
5.922580299999936,46.0,45.0
5.925504400000136,46.0,46.0
5.9284999000001335,46.0,46.0
5.931619199999659,46.0,46.0
5.935484599999654,45.0,45.0
5.938625400000092,45.0,45.0
5.941504100000202,45.0,45.0
5.9444894999996905,45.0,45.0
5.947497699999985,46.0,46.0
5.950465699999768,46.0,46.0
5.953495599999769,46.0,46.0
5.956560100000388,46.0,46.0
5.960278399999879,45.0,45.0
5.963581599999998,45.0,45.0
5.966474599999856,45.0,45.0
5.969483599999876,45.0,45.0
5.972629900000356,45.0,44.0
5.975455200000397,45.0,44.0
5.978515900000275,45.0,44.0
5.982329200000095,45.0,45.0
5.985446800000318,46.0,45.0
5.988627400000041,46.0,45.0
5.991478699999789,46.0,45.0
5.994454300000143,46.0,45.0
5.997555199999624,45.0,45.0
6.000499400000081,45.0,45.0
6.003503699999783,45.0,45.0
6.0064972000000125,45.0,45.0
6.009569699999702,45.0,43.0
6.0124980000000505,45.0,43.0
6.015463400000044,45.0,43.0
6.018489699999918,45.0,43.0
6.021524400000089,45.0,41.0
6.0252448000001095,45.0,45.0
6.028505700000096,45.0,45.0
6.0315583000001425,45.0,48.0
6.035439700000097,46.0,48.0
6.038473800000247,46.0,48.0
6.041497799999888,46.0,48.0
6.046045899999626,46.0,45.0
6.048523200000091,46.0,45.0
6.051462600000377,46.0,45.0
6.05449469999985,46.0,45.0
6.057474000000184,43.0,47.0
6.060484499999802,43.0,47.0
6.063605999999709,43.0,47.0
6.0680356000002575,45.0,45.0
6.070591200000308,41.0,44.0
6.073578499999712,41.0,44.0
6.076484500000333,41.0,44.0
6.079515399999764,41.0,44.0
6.082552800000485,42.0,43.0
6.085441199999877,42.0,43.0
6.0901364000001195,45.0,45.0
6.09255099999973,45.0,45.0
6.0954555999996956,47.0,45.0
6.098455600000307,47.0,45.0
6.101483499999631,47.0,45.0
6.104502500000308,47.0,46.0
6.107511799999884,48.0,46.0
6.112053599999854,45.0,45.0
6.114503400000103,45.0,45.0
6.117470199999843,46.0,44.0
6.120470699999714,46.0,44.0
6.123557900000378,46.0,44.0
6.126459899999645,46.0,44.0
6.129521599999862,45.0,44.0
6.134323199999926,45.0,45.0
6.137583699999595,45.0,45.0
6.140555599999971,45.0,46.0
6.143454600000041,45.0,46.0
6.1467555999997785,45.0,46.0
6.149475899999743,45.0,46.0
6.152428899999904,45.0,46.0
6.1563592000002245,45.0,45.0
6.159509299999627,45.0,45.0
6.162521100000049,45.0,45.0
6.165488800000276,45.0,44.0
6.168482500000209,45.0,44.0
6.171507699999893,45.0,44.0
6.174485300000015,45.0,44.0
6.177502900000036,45.0,45.0
6.180573100000402,45.0,45.0
6.183495799999946,45.0,45.0
6.186509699999988,45.0,45.0
6.189511999999922,45.0,45.0
6.192474499999662,45.0,45.0
6.195456999999806,45.0,45.0
6.198502799999915,45.0,45.0
6.201453599999695,45.0,44.0
6.2045006999996986,43.0,44.0
6.207582500000171,43.0,44.0
6.210503500000414,43.0,44.0
6.213522099999864,43.0,44.0
6.21650580000005,45.0,44.0
6.220250399999713,45.0,45.0
6.223547900000085,45.0,45.0
6.226528099999996,45.0,46.0
6.229540299999826,46.0,46.0
6.233492899999874,46.0,46.0
6.236457199999677,46.0,46.0
6.239628700000139,45.0,45.0
6.242478299999675,45.0,45.0
6.245530899999721,45.0,45.0
6.248513100000309,45.0,45.0
6.251431200000297,45.0,45.0
6.254511099999945,45.0,45.0
6.257458199999746,45.0,45.0
6.260435799999868,45.0,45.0
6.263523300000088,45.0,44.0
6.266484099999616,45.0,44.0
6.2695230999997875,45.0,44.0
6.272480100000394,45.0,44.0
6.275470800000221,45.0,44.0
6.2784843999997975,45.0,44.0
6.2822981999997864,45.0,45.0
6.2855115000002115,45.0,46.0
6.288556299999982,45.0,46.0
6.291519000000335,45.0,46.0
6.294407000000319,45.0,46.0
6.297542000000249,45.0,46.0
6.300551799999994,45.0,46.0
6.304300400000102,45.0,45.0
6.307489599999826,45.0,45.0
6.310477099999844,45.0,45.0
6.313613899999837,45.0,45.0
6.316530799999782,45.0,45.0
6.319482400000197,45.0,45.0
6.322602500000357,45.0,45.0
6.32624880000003,45.0,45.0
6.329541099999915,45.0,45.0
6.333549799999673,45.0,45.0
6.336488699999791,45.0,45.0
6.339519299999665,45.0,45.0
6.342497800000274,45.0,45.0
6.345532600000297,45.0,45.0
6.348580900000343,45.0,45.0
6.3514727000001585,46.0,45.0
6.354529399999592,46.0,45.0
6.357482000000346,46.0,45.0
6.360481300000174,46.0,45.0
6.363550600000053,45.0,45.0
6.366514199999983,45.0,45.0
6.3694406000004165,45.0,46.0
6.372496699999829,45.0,46.0
6.375467800000479,44.0,46.0
6.378487900000437,44.0,46.0
6.381496900000457,44.0,45.0
6.384474100000261,44.0,45.0
6.387497599999733,45.0,45.0
6.390456699999959,45.0,45.0
6.393474999999853,45.0,45.0
6.396558899999945,45.0,45.0
6.399493799999618,44.0,45.0
6.402472599999783,44.0,45.0
6.4055254000004425,44.0,46.0
6.410064499999862,45.0,45.0
6.412492899999961,45.0,45.0
6.415480700000444,45.0,45.0
6.418512100000044,45.0,43.0
6.421516899999915,45.0,43.0
6.4245271999998295,46.0,43.0
6.427477000000181,46.0,43.0
6.432038099999772,45.0,46.0
6.436452300000383,44.0,46.0
6.43955780000033,44.0,46.0
6.442476299999726,44.0,45.0
6.445474400000421,44.0,45.0
6.44848280000042,44.0,45.0
6.452226200000041,45.0,45.0
6.455542100000457,45.0,46.0
6.458498300000429,45.0,46.0
6.461505000000216,46.0,46.0
6.464550700000473,46.0,46.0
6.467505999999958,46.0,46.0
6.470499600000039,46.0,46.0
6.474279699999897,45.0,45.0
6.47747150000032,45.0,45.0
6.480505900000026,45.0,44.0
6.483475900000485,45.0,44.0
6.486470499999996,45.0,44.0
6.489570400000048,45.0,44.0
6.492453300000307,45.0,44.0
6.496339799999987,45.0,45.0
6.499529900000198,45.0,45.0
6.5025062000004255,45.0,46.0
6.505548400000407,45.0,46.0
6.508466500000395,45.0,46.0
6.511448700000074,45.0,46.0
6.514635000000453,45.0,45.0
6.517545200000313,45.0,45.0
6.520474799999647,44.0,45.0
6.52352669999982,44.0,45.0
6.526443499999914,44.0,45.0
6.52952600000026,44.0,45.0
6.533553899999788,46.0,45.0
6.536497699999927,46.0,45.0
6.541126600000098,45.0,45.0
6.543530699999792,45.0,45.0
6.546564899999794,45.0,45.0
6.549547100000382,45.0,45.0
6.552439000000049,45.0,46.0
6.555604299999686,45.0,46.0
6.5584633999997095,44.0,46.0
6.563187499999913,45.0,45.0
6.5655220999997255,45.0,44.0
6.568477599999824,45.0,44.0
6.571576399999685,46.0,44.0
6.57449970000016,46.0,43.0
6.577451299999666,46.0,43.0
6.580531100000371,46.0,43.0
6.585033800000019,45.0,45.0
6.587605100000474,45.0,45.0
6.590482900000097,45.0,45.0
6.593531900000016,44.0,45.0
6.596607999999833,44.0,45.0
6.599526300000434,44.0,46.0
6.6024797000000035,44.0,46.0
6.607046899999659,45.0,45.0
6.609518999999636,46.0,45.0
6.61249239999961,46.0,45.0
6.61546989999988,46.0,45.0
6.618451199999981,46.0,45.0
6.621501200000239,46.0,45.0
6.62446379999983,46.0,44.0
6.629032699999698,45.0,45.0
6.631492900000012,44.0,45.0
6.635414700000183,44.0,46.0
6.6385645000000295,44.0,46.0
6.6414685999998255,44.0,46.0
6.644465100000161,44.0,46.0
6.649103300000206,45.0,45.0
6.651451699999598,45.0,45.0
6.6544935000001715,45.0,45.0
6.657471000000442,45.0,45.0
6.6604370000004565,45.0,45.0
6.663532900000064,45.0,45.0
6.666453900000306,45.0,45.0
6.669475200000306,45.0,45.0
6.672530099999676,45.0,44.0
6.675514300000032,45.0,44.0
6.678485700000238,45.0,44.0
6.681592599999931,44.0,44.0
6.684413900000436,44.0,44.0
6.687513200000467,44.0,44.0
6.692053900000246,45.0,45.0
6.694444400000066,47.0,45.0
6.697493200000281,47.0,46.0
6.7004555000003165,47.0,46.0
6.703531099999964,47.0,46.0
6.7065613000004305,47.0,46.0
6.709521900000254,47.0,45.0
6.7133084999995845,45.0,45.0
6.716541699999652,44.0,45.0
6.719492700000046,44.0,46.0
6.722592199999781,44.0,46.0
6.725490400000126,44.0,46.0
6.7284980000004,44.0,46.0
6.731547800000044,44.0,46.0
6.737077699999645,45.0,45.0
6.739567499999794,45.0,45.0
6.74248069999976,45.0,45.0
6.745545400000083,45.0,45.0
6.748565500000041,45.0,45.0
6.75147620000007,45.0,45.0
6.754530299999715,46.0,45.0
6.759065799999917,45.0,45.0
6.761437199999818,45.0,45.0
6.764676900000268,45.0,45.0
6.767529900000227,45.0,46.0
6.770468900000196,45.0,46.0
6.773564899999656,45.0,46.0
6.776421499999742,45.0,46.0
6.779487699999663,45.0,45.0
6.782460000000356,45.0,45.0
6.7854497999996966,45.0,45.0
6.7885315000003175,45.0,45.0
6.791529899999659,44.0,46.0
6.794483599999694,44.0,46.0
6.797548700000334,44.0,46.0
6.802069600000323,45.0,45.0
6.804499599999872,45.0,45.0
6.807491100000334,45.0,45.0
6.8104763000001185,45.0,45.0
6.8135793999999805,45.0,45.0
6.8165343000000576,45.0,44.0
6.819468700000471,45.0,44.0
6.823272499999803,45.0,45.0
6.8264257000000725,45.0,45.0
6.829636600000413,45.0,45.0
6.833493799999815,45.0,45.0
6.836406800000077,45.0,45.0
6.839535500000238,47.0,45.0
6.843998100000135,45.0,45.0
6.846622000000025,45.0,45.0
6.849536300000182,45.0,45.0
6.852480100000321,43.0,47.0
6.855501799999729,43.0,47.0
6.858481899999788,43.0,47.0
6.861514799999895,43.0,47.0
6.866078400000333,45.0,45.0
6.868498400000135,45.0,45.0
6.8715508000004775,45.0,45.0
6.874542900000051,46.0,45.0
6.877516300000025,46.0,46.0
6.8805185000001075,46.0,46.0
6.883552000000236,46.0,46.0
6.888132699999915,45.0,45.0
6.890496400000302,45.0,45.0
6.893467799999598,45.0,45.0
6.896620800000164,45.0,45.0
6.899484399999892,45.0,45.0
6.902450999999928,45.0,45.0
6.905641199999991,45.0,45.0
6.908539300000484,45.0,45.0
6.911506800000097,44.0,45.0
6.914519599999949,44.0,45.0
6.917495700000472,44.0,45.0
6.920541600000433,44.0,45.0
6.9235287999999855,44.0,45.0
6.926454399999784,44.0,44.0
6.931206199999906,45.0,45.0
6.935472799999843,45.0,45.0
6.938631099999839,45.0,46.0
6.9414869000002,45.0,46.0
6.944408800000019,45.0,46.0
6.947525300000052,45.0,46.0
6.951244400000178,45.0,45.0
6.9545256999999765,45.0,45.0
6.9575348999997,45.0,45.0
6.960523400000056,46.0,45.0
6.963530600000013,46.0,45.0
6.9664558000004035,46.0,45.0
6.969543400000475,46.0,45.0
6.972637699999723,45.0,45.0
6.975465900000017,45.0,45.0
6.978576900000007,45.0,45.0
6.981547399999727,45.0,45.0
6.984517900000355,46.0,43.0
6.9875529000000824,46.0,43.0
6.990497099999629,46.0,43.0
6.99504479999996,45.0,45.0
6.997532100000171,39.0,45.0
7.000512499999786,39.0,45.0
7.003544899999724,39.0,45.0
7.006502500000352,39.0,45.0
7.009490800000094,45.0,43.0
7.012499000000389,45.0,43.0
7.017100799999753,46.0,45.0
7.0195143999999345,46.0,45.0
7.0225862999996025,45.0,43.0
7.025483100000201,45.0,43.0
7.02857049999966,45.0,43.0
7.031549299999824,45.0,43.0
7.0370042000004105,46.0,49.0
7.039560000000165,46.0,49.0
7.042480400000386,46.0,49.0
7.04551950000041,46.0,51.0
7.0485568000003695,46.0,51.0
7.051534899999751,46.0,51.0
7.054515099999662,46.0,51.0
7.05827330000011,43.0,45.0
7.061477100000047,43.0,45.0
7.064578299999994,43.0,45.0
7.067500000000109,43.0,45.0
7.07046790000004,39.0,44.0
7.073512500000106,39.0,44.0
7.076453700000457,39.0,44.0
7.081095399999867,45.0,45.0
7.083502700000281,47.0,46.0
7.086448400000336,47.0,46.0
7.089537599999858,47.0,46.0
7.0924910000003365,47.0,46.0
7.095501400000103,50.0,45.0
7.098569900000257,50.0,45.0
7.102250300000378,45.0,45.0
7.105564000000413,45.0,46.0
7.108517100000427,45.0,46.0
7.111516599999959,45.0,46.0
7.114581800000451,45.0,46.0
7.117474499999844,45.0,46.0
7.120460400000411,45.0,46.0
7.124324200000046,45.0,45.0
7.127475299999787,45.0,45.0
7.13058749999982,45.0,45.0
7.134534599999824,45.0,45.0
7.137531999999737,45.0,45.0
7.140505800000028,45.0,45.0
7.144232999999986,45.0,45.0
7.147535699999935,45.0,45.0
7.15052790000027,45.0,45.0
7.153538599999592,45.0,44.0
7.1565388999997595,40.0,44.0
7.159470800000236,40.0,44.0
7.162486500000341,40.0,44.0
7.166265500000009,44.0,45.0
7.169464300000072,48.0,45.0
7.172577199999978,48.0,45.0
7.175477400000091,48.0,45.0
7.178528299999925,48.0,45.0
7.181570300000203,49.0,45.0
7.18442529999993,49.0,45.0
7.188346300000376,45.0,45.0
7.191470800000388,45.0,45.0
7.194499600000199,45.0,45.0
7.197553900000457,45.0,45.0
7.200516699999753,45.0,45.0
7.2035587999998825,45.0,44.0
7.206563200000346,44.0,44.0
7.211058300000332,45.0,45.0
7.213542100000268,45.0,45.0
7.216471699999602,47.0,45.0
7.219559299999673,47.0,45.0
7.222646400000485,47.0,45.0
7.225498699999662,47.0,46.0
7.228575199999796,47.0,46.0
7.233120200000485,45.0,45.0
7.237559600000168,45.0,45.0
7.240461499999583,43.0,45.0
7.243513899999925,43.0,45.0
7.246514700000262,43.0,45.0
7.249501899999814,43.0,45.0
7.253284499999609,45.0,45.0
7.256530100000418,45.0,45.0
7.259488599999713,45.0,45.0
7.26258979999966,45.0,44.0
7.2654561999997895,46.0,44.0
7.268481299999621,46.0,44.0
7.2715565999997125,46.0,44.0
7.275291699999798,45.0,45.0
7.27859189999981,44.0,45.0
7.281617200000255,44.0,45.0
7.284474899999623,44.0,45.0
7.2875082000000475,44.0,45.0
7.290489500000149,44.0,45.0
7.293442199999845,44.0,45.0
7.297259599999961,45.0,45.0
7.300495399999818,45.0,44.0
7.303509000000304,45.0,44.0
7.306583900000078,45.0,44.0
7.309467899999618,45.0,44.0
7.31249039999966,45.0,40.0
7.3154537999998865,44.0,40.0
7.320093799999995,45.0,44.0
7.322566099999676,45.0,49.0
7.325470900000255,45.0,49.0
7.32854049999969,46.0,49.0
7.331511000000319,46.0,49.0
7.335512700000436,46.0,49.0
7.340125800000351,46.0,45.0
7.34253979999994,46.0,45.0
7.345476899999994,46.0,45.0
7.348493100000269,46.0,45.0
7.351454399999966,44.0,45.0
7.3546927999996115,44.0,45.0
7.357499200000348,44.0,45.0
7.36197379999976,45.0,45.0
7.364570900000217,45.0,45.0
7.367428000000473,45.0,45.0
7.3704647000004115,45.0,45.0
7.373485199999777,45.0,45.0
7.37651040000037,45.0,45.0
7.379507800000283,45.0,45.0
7.3832517000000735,45.0,45.0
7.38652170000023,45.0,45.0
7.389594000000216,46.0,45.0
7.392474399999628,46.0,45.0
7.395491600000241,46.0,45.0
7.3985390999996525,46.0,45.0
7.401481599999897,44.0,45.0
7.405331199999637,45.0,45.0
7.408523799999784,45.0,45.0
7.411513899999591,47.0,45.0
7.414552999999614,47.0,45.0
7.417511700000432,47.0,45.0
7.420505299999604,47.0,45.0
7.423530799999753,47.0,45.0
7.427251299999625,45.0,45.0
7.430577000000085,45.0,45.0
7.434485300000233,45.0,45.0
7.437575099999776,46.0,45.0
7.440445500000351,46.0,45.0
7.443459500000245,46.0,45.0
7.447234999999637,45.0,45.0
7.450512399999752,46.0,45.0
7.45352610000009,46.0,45.0
7.456548000000112,46.0,44.0
7.459477600000355,46.0,44.0
7.462574400000449,45.0,44.0
7.46551559999989,45.0,44.0
7.469276200000422,45.0,45.0
7.472661099999641,44.0,45.0
7.475496899999598,44.0,45.0
7.478578299999754,44.0,45.0
7.481562699999813,44.0,46.0
7.484485699999823,44.0,46.0
7.487669000000096,44.0,46.0
7.492056699999921,45.0,45.0
7.494479599999977,45.0,44.0
7.49753039999996,45.0,44.0
7.5005537999995795,45.0,44.0
7.503506699999889,45.0,44.0
7.506506100000479,45.0,44.0
7.509564699999828,45.0,44.0
7.513335200000256,45.0,45.0
7.51647150000008,45.0,45.0
7.519446199999948,45.0,45.0
7.522565000000213,46.0,45.0
7.52551399999993,46.0,45.0
7.528493900000285,46.0,45.0
7.531524400000308,46.0,45.0
7.535454900000332,45.0,45.0
7.538507199999913,45.0,45.0
7.541495999999825,45.0,45.0
7.544470400000137,45.0,45.0
7.547540700000354,46.0,45.0
7.5505027999997765,46.0,45.0
7.553546099999949,46.0,45.0
7.557224000000133,45.0,45.0
7.56047209999997,44.0,45.0
7.56361459999971,44.0,46.0
7.566499599999588,44.0,46.0
7.569425700000465,44.0,46.0
7.572558699999718,45.0,46.0
7.575457400000232,45.0,45.0
7.578567900000053,45.0,45.0
7.581560800000261,45.0,45.0
7.584465799999634,45.0,45.0
7.587536400000317,45.0,44.0
7.590588099999877,45.0,44.0
7.59344130000045,45.0,44.0
7.596661900000072,44.0,44.0
7.6002894000002925,45.0,46.0
7.6035038999998505,45.0,46.0
7.606573899999603,45.0,46.0
7.6095328000001246,45.0,46.0
7.612504499999886,45.0,46.0
7.615482600000178,45.0,46.0
7.618503200000305,45.0,46.0
7.622309399999722,45.0,45.0
7.62551429999985,45.0,44.0
7.628577700000278,45.0,44.0
7.631572500000402,45.0,44.0
7.635522100000344,45.0,44.0
7.638575500000115,45.0,45.0
7.641486100000293,45.0,45.0
7.644488900000397,45.0,45.0
7.647493000000395,45.0,45.0
7.6505401000003985,45.0,44.0
7.653535899999952,45.0,44.0
7.656454300000405,46.0,44.0
7.659460699999727,46.0,44.0
7.664072999999917,45.0,45.0
7.666465500000413,45.0,45.0
7.669482000000244,44.0,45.0
7.672536099999888,44.0,46.0
7.675511899999947,44.0,46.0
7.678615499999978,44.0,46.0
7.68163100000038,43.0,46.0
7.686018299999887,45.0,45.0
7.68855319999966,45.0,45.0
7.69145750000007,45.0,45.0
7.6944580999997925,46.0,45.0
7.697525900000073,46.0,44.0
7.700493199999983,46.0,44.0
7.703484700000445,46.0,44.0
7.708012500000223,45.0,45.0
7.710498600000392,45.0,46.0
7.713536399999612,45.0,46.0
7.7164850999997725,45.0,46.0
7.719494300000406,45.0,46.0
7.722640400000273,45.0,45.0
7.725515600000108,45.0,45.0
7.728495899999871,45.0,45.0
7.731548900000234,45.0,45.0
7.735457800000404,45.0,46.0
7.7385479000004125,45.0,46.0
7.741546799999924,45.0,46.0
7.744468500000039,45.0,46.0
7.747542099999919,45.0,46.0
7.751282199999878,45.0,45.0
7.75449480000043,45.0,45.0
7.757533400000284,45.0,45.0
7.760499600000003,45.0,45.0
7.763581700000032,45.0,45.0
7.766469600000164,45.0,45.0
7.769534400000339,45.0,45.0
7.772520100000293,45.0,45.0
7.775490099999843,45.0,45.0
7.778532500000438,46.0,45.0
7.781524099999842,46.0,45.0
7.784418600000208,46.0,45.0
7.7875276000004305,46.0,45.0
7.790455700000166,46.0,45.0
7.794233900000108,45.0,45.0
7.797563099999934,45.0,45.0
7.800501800000347,45.0,45.0
7.803599099999701,45.0,45.0
7.806553299999905,45.0,44.0
7.809449700000187,45.0,44.0
7.812515800000256,45.0,44.0
7.817100500000379,45.0,45.0
7.819476399999985,45.0,46.0
7.822507799999585,45.0,46.0
7.825448700000379,45.0,46.0
7.828489000000445,45.0,46.0
7.831518500000129,45.0,45.0
7.8355211999996754,45.0,45.0
7.838518100000329,45.0,45.0
7.841485900000407,45.0,46.0
7.8444477000002735,45.0,46.0
7.847671600000467,45.0,46.0
7.850551399999858,45.0,46.0
7.853475400000207,44.0,46.0
7.85803229999965,45.0,45.0
7.860501199999817,45.0,45.0
7.863545899999735,46.0,45.0
7.8664761,46.0,46.0
7.8694470999998885,46.0,46.0
7.872548299999835,46.0,46.0
7.875518699999702,47.0,46.0
7.879237099999955,45.0,45.0
7.8825691000001825,45.0,45.0
7.885480400000233,45.0,45.0
7.888511699999981,44.0,45.0
7.891474500000186,44.0,44.0
7.894481799999994,44.0,44.0
7.897549600000275,44.0,44.0
7.902034300000196,45.0,45.0
7.904516599999624,45.0,45.0
7.907481500000358,45.0,45.0
7.910480399999869,45.0,45.0
7.913519499999893,45.0,46.0
7.916494099999909,45.0,46.0
7.919475599999714,45.0,46.0
7.923298800000339,45.0,45.0
7.926535300000069,45.0,45.0
7.929550699999709,45.0,45.0
7.933520800000224,45.0,45.0
7.936387900000227,46.0,45.0
7.939552900000308,46.0,40.0
7.9440112000002046,45.0,42.0
7.94655369999964,45.0,42.0
7.949511200000416,44.0,46.0
7.952440199999728,44.0,46.0
7.955489799999668,44.0,46.0
7.958509000000049,44.0,46.0
7.961464699999851,46.0,46.0
7.966094299999895,45.0,45.0
7.968509700000141,45.0,45.0
7.9716660000003685,45.0,45.0
7.974502299999585,43.0,46.0
7.977494200000365,43.0,46.0
7.9805114000000685,43.0,46.0
7.983492999999726,43.0,46.0
7.987224100000276,45.0,45.0
7.990447600000152,45.0,45.0
7.993473200000153,45.0,45.0
7.996572400000332,45.0,45.0
7.999527300000409,46.0,44.0
8.002447800000482,46.0,44.0
8.005508199999895,46.0,44.0
8.010041000000456,45.0,45.0
8.012502700000368,44.0,44.0
8.01551709999967,44.0,44.0
8.018448300000273,44.0,44.0
8.021562199999607,44.0,44.0
8.02448699999968,44.0,43.0
8.02749490000042,44.0,43.0
8.032066200000372,45.0,45.0
8.036581299999852,48.0,48.0
8.039521100000456,48.0,48.0
8.042513600000348,48.0,48.0
8.045530499999586,48.0,48.0
8.04852320000009,48.0,49.0
8.053072300000167,45.0,45.0
8.055656700000327,45.0,45.0
8.058508699999948,41.0,46.0
8.061493600000176,41.0,46.0
8.064521199999945,41.0,46.0
8.067487100000108,41.0,46.0
8.070482600000105,41.0,44.0
8.074996800000008,42.0,45.0
8.077464300000429,42.0,45.0
8.080504200000178,42.0,45.0
8.083518399999775,45.0,46.0
8.086450499999955,45.0,46.0
8.089530899999772,45.0,46.0
8.092497900000126,45.0,46.0
8.09718249999969,46.0,45.0
8.09954050000033,46.0,45.0
8.102474899999834,46.0,45.0
8.105554499999926,46.0,45.0
8.108524799999941,46.0,45.0
8.11144990000048,46.0,45.0
8.114570900000217,46.0,45.0
8.118274299999939,45.0,45.0
8.12151730000005,46.0,45.0
8.124552799999947,46.0,45.0
8.127450500000123,46.0,45.0
8.130677099999957,46.0,45.0
8.134552299999996,45.0,45.0
8.137560699999995,45.0,45.0
8.140540899999905,45.0,45.0
8.143513199999688,45.0,45.0
8.146604800000205,45.0,45.0
8.149496799999724,45.0,45.0
8.152508299999681,45.0,45.0
8.15563420000035,45.0,45.0
8.159267099999852,45.0,45.0
8.162457999999788,45.0,45.0
8.16551679999975,45.0,45.0
8.168485299999702,46.0,45.0
8.171562900000026,46.0,45.0
8.174494599999889,46.0,45.0
8.177455699999882,46.0,45.0
8.18139069999961,44.0,45.0
8.184462400000484,44.0,45.0
8.187487899999724,44.0,45.0
8.190488299999743,44.0,45.0
8.193514200000209,45.0,45.0
8.1965409000004,45.0,45.0
8.199535699999615,45.0,45.0
8.203295299999809,45.0,45.0
8.206586700000116,44.0,45.0
8.209569800000281,44.0,45.0
8.212496699999974,44.0,45.0
8.21549270000014,44.0,45.0
8.218518499999846,44.0,45.0
8.221561299999848,44.0,45.0
8.22524599999997,45.0,45.0
8.228507499999978,45.0,45.0
8.23162179999963,45.0,45.0
8.2354521999996,45.0,45.0
8.238545299999714,45.0,45.0
8.241536700000324,45.0,44.0
8.245251399999688,45.0,45.0
8.248623000000407,45.0,45.0
8.251466900000196,45.0,44.0
8.254572499999995,45.0,44.0
8.257559200000287,45.0,44.0
8.260474400000021,45.0,44.0
8.263576899999862,45.0,46.0
8.267982000000302,45.0,45.0
8.270582899999681,45.0,45.0
8.273632100000214,45.0,45.0
8.276479299999664,45.0,44.0
8.279674399999749,45.0,44.0
8.282514000000447,45.0,44.0
8.285493100000167,45.0,44.0
8.288714899999832,45.0,45.0
8.29154920000019,44.0,45.0
8.294393299999683,44.0,45.0
8.2975778,44.0,45.0
8.300516700000117,44.0,45.0
8.303524199999629,44.0,45.0
8.306539000000157,44.0,45.0
8.310241799999858,45.0,45.0
8.313599400000385,45.0,45.0
8.31651570000031,45.0,45.0
8.319521299999906,45.0,45.0
8.32253750000018,45.0,45.0
8.325495400000364,45.0,45.0
8.328518000000258,45.0,45.0
8.33166379999966,45.0,45.0
8.335533299999952,45.0,45.0
8.33859240000038,45.0,45.0
8.341570300000058,45.0,45.0
8.344480300000214,45.0,45.0
8.347678799999812,45.0,44.0
8.350525099999686,45.0,44.0
8.354353900000206,45.0,45.0
8.357459400000153,45.0,45.0
8.360479799999666,45.0,45.0
8.363699100000304,45.0,45.0
8.366524500000196,45.0,45.0
8.369453700000122,45.0,45.0
8.37259079999967,45.0,46.0
8.376282899999751,45.0,45.0
8.37949000000026,45.0,45.0
8.382539000000179,45.0,45.0
8.385474800000338,45.0,45.0
8.388588499999969,45.0,45.0
8.391448500000479,45.0,45.0
8.39445749999959,45.0,45.0
8.398445200000424,45.0,45.0
8.401513499999965,45.0,45.0
8.404543499999818,45.0,45.0
8.40744739999991,45.0,46.0
8.410460400000375,45.0,46.0
8.4136182000002,46.0,46.0
8.416527500000484,46.0,46.0
8.421037899999646,45.0,45.0
8.42353439999988,45.0,44.0
8.426578999999947,44.0,44.0
8.429522299999917,44.0,44.0
8.433570299999701,44.0,44.0
8.436467700000321,44.0,44.0
8.440402299999732,45.0,45.0
8.4434997999997,45.0,45.0
8.446593100000428,45.0,45.0
8.449512400000458,45.0,45.0
8.452413199999683,45.0,45.0
8.455568100000164,45.0,45.0
8.458447500000148,45.0,45.0
8.462237699999605,45.0,45.0
8.465618899999754,45.0,45.0
8.46858020000036,45.0,45.0
8.471537299999909,45.0,45.0
8.474568700000418,45.0,45.0
8.477482100000088,45.0,45.0
8.480529000000388,45.0,46.0
8.48428369999965,45.0,45.0
8.48750740000014,45.0,45.0
8.4905447000001,45.0,45.0
8.493509400000221,45.0,44.0
8.496516999999585,45.0,44.0
8.49954979999984,45.0,44.0
8.502440500000375,45.0,44.0
8.505551100000048,45.0,45.0
8.508522899999662,45.0,45.0
8.511475299999802,44.0,45.0
8.51461670000026,44.0,45.0
8.517457300000387,44.0,44.0
8.520450500000152,44.0,44.0
8.523633599999812,46.0,44.0
8.52796969999963,45.0,45.0
8.53068230000008,45.0,45.0
8.534553600000436,45.0,45.0
8.537490900000194,44.0,45.0
8.54059049999978,44.0,45.0
8.543444300000374,44.0,45.0
8.547348799999781,45.0,45.0
8.550566500000059,45.0,45.0
8.553486499999963,45.0,46.0
8.556609299999764,45.0,46.0
8.55952840000009,46.0,46.0
8.56254970000009,46.0,46.0
8.565510700000232,46.0,46.0
8.569998300000407,45.0,45.0
8.572571900000185,45.0,45.0
8.575521499999923,45.0,45.0
8.578502399999707,45.0,45.0
8.58155650000026,45.0,45.0
8.58445219999976,44.0,45.0
8.587494200000037,44.0,45.0
8.591384399999697,45.0,45.0
8.59457029999976,45.0,45.0
8.597557000000052,46.0,45.0
8.60048689999985,46.0,46.0
8.60345580000012,46.0,46.0
8.606598800000029,46.0,46.0
8.609464299999672,46.0,46.0
8.614192799999728,45.0,45.0
8.616449500000272,45.0,44.0
8.619488399999682,45.0,44.0
8.622603300000264,44.0,44.0
8.625478400000247,44.0,44.0
8.628461000000243,44.0,44.0
8.631555900000421,44.0,44.0
8.637019200000395,45.0,45.0
8.639544900000146,45.0,44.0
8.642548300000271,45.0,44.0
8.645468300000175,46.0,44.0
8.648549999999886,46.0,44.0
8.651505099999667,46.0,45.0
8.654560400000264,46.0,45.0
8.657519899999897,45.0,45.0
8.660485700000208,45.0,45.0
8.663553999999749,45.0,44.0
8.666612900000473,45.0,44.0
8.669471199999862,45.0,44.0
8.672603099999833,45.0,44.0
8.675509100000454,45.0,44.0
8.679308699999638,45.0,45.0
8.682559300000321,45.0,45.0
8.685429299999669,45.0,45.0
8.688493599999674,45.0,45.0
8.69148320000022,45.0,45.0
8.694457200000215,46.0,45.0
8.697530399999778,46.0,46.0
8.701985900000182,45.0,45.0
8.704459300000053,45.0,45.0
8.707551200000125,44.0,45.0
8.710437800000363,44.0,43.0
8.71353369999997,44.0,43.0
8.716508600000452,44.0,43.0
8.71947960000034,44.0,43.0
8.724169500000244,45.0,45.0
8.726477700000032,45.0,45.0
8.72946740000043,45.0,45.0
8.733518699999877,45.0,46.0
8.736458600000333,45.0,46.0
8.739567700000407,45.0,46.0
8.74400820000028,45.0,45.0
8.746489899999688,45.0,44.0
8.749551799999608,45.0,44.0
8.752485699999852,45.0,44.0
8.755605899999864,44.0,44.0
8.758564400000068,44.0,45.0
8.761591200000112,44.0,45.0
8.765482099999645,45.0,45.0
8.768486799999664,45.0,45.0
8.771558700000242,45.0,45.0
8.774605800000245,45.0,45.0
8.777582699999584,45.0,45.0
8.780626300000222,45.0,45.0
8.783585600000151,45.0,45.0
8.78654110000025,45.0,45.0
8.789604200000213,45.0,45.0
8.792516800000158,45.0,45.0
8.795517200000177,45.0,45.0
8.79870800000026,45.0,45.0
8.801464600000145,45.0,45.0
8.804531800000404,45.0,45.0
8.807625600000392,45.0,45.0
8.810549800000445,45.0,45.0
8.8135099000001,45.0,45.0
8.816454200000408,45.0,45.0
8.819495699999607,45.0,45.0
8.822523300000285,45.0,45.0
8.82546050000019,45.0,45.0
8.829271200000221,45.0,45.0
8.832545299999765,45.0,44.0
8.836480400000255,45.0,44.0
8.839531100000386,45.0,44.0
8.842581799999607,44.0,44.0
8.845492600000398,44.0,44.0
8.850062100000287,45.0,45.0
8.85246989999996,46.0,45.0
8.855568500000118,46.0,46.0
8.858499400000255,46.0,46.0
8.861435800000436,46.0,46.0
8.864504600000146,44.0,46.0
8.867454799999905,44.0,46.0
8.872036099999605,45.0,45.0
8.874473099999705,45.0,45.0
8.877480899999682,47.0,45.0
8.880600999999842,47.0,44.0
8.88353240000015,47.0,44.0
8.886447799999587,47.0,44.0
8.889530600000398,46.0,44.0
8.894030700000258,45.0,45.0
8.896501899999748,45.0,45.0
8.899529799999982,45.0,45.0
8.902518699999746,45.0,45.0
8.905631100000392,45.0,45.0
8.908503900000142,45.0,45.0
8.91146370000024,45.0,45.0
8.915358100000049,45.0,45.0
8.918503699999746,45.0,45.0
8.921566400000302,45.0,45.0
8.924483499999951,45.0,45.0
8.92745879999984,45.0,45.0
8.930568099999618,45.0,45.0
8.934577099999842,45.0,45.0
8.937533700000131,46.0,45.0
8.94055389999994,46.0,44.0
8.943452999999863,46.0,44.0
8.94655160000002,46.0,44.0
8.949485899999672,46.0,44.0
8.95248679999986,45.0,44.0
8.956355899999835,45.0,45.0
8.959485700000187,45.0,45.0
8.96261239999967,45.0,46.0
8.965516100000059,45.0,46.0
8.96847869999965,45.0,46.0
8.971516900000097,45.0,46.0
8.974545699999908,45.0,46.0
8.978263900000456,45.0,45.0
8.98156149999977,45.0,45.0
8.98445460000039,45.0,45.0
8.987565499999619,45.0,44.0
8.99053879999974,45.0,44.0
8.993419499999618,45.0,44.0
8.996583699999974,45.0,44.0
9.001042200000484,45.0,44.0
9.003481400000055,45.0,44.0
9.006668699999864,45.0,44.0
9.009487700000136,45.0,44.0
9.012508499999967,45.0,43.0
9.01548509999975,45.0,43.0
9.018434599999637,45.0,43.0
9.022361399999681,45.0,45.0
9.025483100000201,46.0,46.0
9.028555699999743,46.0,46.0
9.031495299999733,46.0,46.0
9.035506700000042,47.0,48.0
9.03853749999962,47.0,48.0
9.043054800000391,45.0,45.0
9.045464599999832,45.0,45.0
9.04853230000026,44.0,47.0
9.051446399999804,44.0,47.0
9.054603499999757,44.0,47.0
9.057478400000036,44.0,47.0
9.060506699999678,40.0,46.0
9.065066899999692,43.0,45.0
9.067452199999934,43.0,45.0
9.070732500000304,43.0,45.0
9.073497000000316,40.0,44.0
9.076522899999873,40.0,44.0
9.079705500000273,40.0,44.0
9.082580999999664,40.0,44.0
9.087032999999792,48.0,45.0
9.089627700000165,48.0,45.0
9.092538400000194,48.0,45.0
9.095527499999662,48.0,46.0
9.098519899999701,49.0,46.0
9.101456999999755,49.0,46.0
9.104460999999901,49.0,46.0
9.109056999999666,45.0,45.0
9.111454400000184,46.0,45.0
9.114506199999596,46.0,45.0
9.117421199999626,46.0,45.0
9.120440400000007,46.0,45.0
9.12348750000001,45.0,45.0
9.126446199999918,45.0,45.0
9.12950439999986,45.0,45.0
9.133509100000083,45.0,45.0
9.136524399999871,45.0,45.0
9.139545699999871,45.0,45.0
9.142475399999967,45.0,45.0
9.145524900000055,45.0,44.0
9.148458599999685,45.0,44.0
9.152206699999624,45.0,45.0
9.155555100000129,45.0,45.0
9.15850060000048,45.0,45.0
9.16143860000011,45.0,45.0
9.164538799999718,45.0,45.0
9.167426799999703,45.0,45.0
9.170515900000282,45.0,45.0
9.173544999999649,45.0,45.0
9.176410600000054,45.0,45.0
9.179567099999986,45.0,45.0
9.182505699999638,46.0,45.0
9.185403299999962,46.0,45.0
9.188550800000485,46.0,45.0
9.191465699999753,46.0,46.0
9.196090200000071,45.0,45.0
9.198516100000234,45.0,45.0
9.201476100000036,45.0,45.0
9.204479300000457,45.0,45.0
9.20744999999988,44.0,45.0
9.210491099999672,44.0,45.0
9.213477700000112,44.0,45.0
9.218009000000166,45.0,45.0
9.220472199999676,46.0,45.0
9.22347230000014,46.0,45.0
9.226505399999951,46.0,45.0
9.229479700000411,46.0,46.0
9.233480200000486,44.0,46.0
9.238027299999885,45.0,45.0
9.24045550000028,45.0,45.0
9.243449300000066,48.0,45.0
9.246488499999941,48.0,45.0
9.249515200000133,48.0,45.0
9.252470299999914,48.0,45.0
9.255526900000405,47.0,45.0
9.259216000000379,45.0,45.0
9.262454100000468,45.0,45.0
9.265421099999912,45.0,45.0
9.268446400000357,44.0,45.0
9.271495699999832,44.0,45.0
9.274481399999786,44.0,45.0
9.27742920000037,44.0,44.0
9.28132100000039,45.0,45.0
9.28444479999962,45.0,45.0
9.28760609999972,45.0,45.0
9.290464200000315,45.0,45.0
9.29351299999962,44.0,45.0
9.296499799999765,44.0,45.0
9.299506000000292,44.0,45.0
9.303239800000483,45.0,45.0
9.30655519999982,45.0,45.0
9.309534699999858,45.0,45.0
9.312465400000292,45.0,46.0
9.315479799999594,45.0,46.0
9.318456799999694,45.0,46.0
9.321499599999697,45.0,46.0
9.324429600000258,45.0,45.0
9.327449999999772,45.0,45.0
9.330523999999969,46.0,45.0
9.334466000000248,46.0,45.0
9.337596600000325,46.0,46.0
9.340488300000288,46.0,46.0
9.343507300000056,46.0,46.0
9.348041100000046,45.0,45.0
9.35041530000035,45.0,44.0
9.353537400000278,45.0,44.0
9.3565236000004,45.0,44.0
9.359490499999993,45.0,44.0
9.362669299999652,45.0,45.0
9.365496299999904,44.0,45.0
9.369273199999952,45.0,45.0
9.37252929999977,45.0,45.0
9.375459400000182,45.0,45.0
9.378523399999722,46.0,45.0
9.38154829999985,46.0,45.0
9.384506999999758,46.0,44.0
9.38754499999959,46.0,44.0
9.391321099999914,45.0,45.0
9.394465899999886,45.0,45.0
9.397771599999942,45.0,45.0
9.400554699999702,45.0,45.0
9.40349900000001,45.0,45.0
9.40660779999962,45.0,45.0
9.409481800000322,45.0,46.0
9.41329659999974,45.0,45.0
9.416520800000399,45.0,45.0
9.419443699999647,45.0,45.0
9.42265260000022,45.0,45.0
9.425568100000419,45.0,45.0
9.4285375999998,45.0,45.0
9.43167429999994,45.0,45.0
9.436259699999937,45.0,45.0
9.439740699999675,45.0,45.0
9.442546600000242,45.0,45.0
9.445509400000446,45.0,45.0
9.448525699999664,45.0,45.0
9.451452600000266,45.0,45.0
9.454550499999641,45.0,45.0
9.45753109999987,45.0,45.0
9.460462799999732,45.0,45.0
9.46370939999997,45.0,45.0
9.46656129999974,45.0,45.0
9.469475500000044,45.0,43.0
9.472568899999715,45.0,43.0
9.475482099999681,45.0,43.0
9.479379999999765,45.0,45.0
9.482536499999696,45.0,48.0
9.485420900000463,45.0,48.0
9.488612199999807,46.0,48.0
9.491455000000315,46.0,48.0
9.494531199999983,46.0,47.0
9.49769329999981,46.0,47.0
9.502042000000074,45.0,45.0
9.504540599999928,45.0,45.0
9.507553800000096,45.0,46.0
9.510488900000382,45.0,46.0
9.51351969999996,45.0,46.0
9.51643839999997,45.0,46.0
9.519461200000478,45.0,45.0
9.522645699999885,45.0,45.0
9.52550119999978,44.0,45.0
9.528575100000126,44.0,45.0
9.531530700000076,44.0,46.0
9.535507200000211,44.0,46.0
9.538483799999995,43.0,46.0
9.541488599999866,43.0,46.0
9.546095200000309,45.0,45.0
9.548527199999626,47.0,45.0
9.551454600000397,47.0,45.0
9.55449680000038,47.0,45.0
9.557490000000143,47.0,45.0
9.560461199999736,46.0,45.0
9.563552399999935,46.0,45.0
9.567248600000312,45.0,45.0
9.570458400000462,45.0,45.0
9.573499000000083,45.0,45.0
9.576461100000415,45.0,45.0
9.579507000000376,45.0,45.0
9.582484599999589,45.0,45.0
9.585457799999858,45.0,45.0
9.588588800000252,45.0,45.0
9.591505600000346,45.0,45.0
9.594506200000069,45.0,45.0
9.597617999999784,45.0,45.0
9.600470000000314,45.0,45.0
9.603491099999701,45.0,44.0
9.606473200000437,45.0,44.0
9.611021699999583,45.0,45.0
9.613604199999827,45.0,45.0
9.616457299999638,45.0,44.0
9.61949530000038,45.0,44.0
9.62251329999981,44.0,44.0
9.625462400000288,44.0,44.0
9.628502300000036,44.0,44.0
9.633094300000266,45.0,45.0
9.637470800000301,44.0,45.0
9.640497499999583,44.0,46.0
9.643530999999712,44.0,46.0
9.646485700000085,45.0,46.0
9.649496400000316,45.0,46.0
9.652483500000017,45.0,45.0
9.655588700000408,45.0,45.0
9.658484300000055,46.0,45.0
9.66146949999984,46.0,45.0
9.664497699999629,46.0,46.0
9.667455300000256,46.0,46.0
9.670457100000021,45.0,46.0
9.674250099999881,45.0,45.0
9.67744380000022,45.0,46.0
9.680583200000001,45.0,46.0
9.683460100000048,45.0,46.0
9.686460799999622,45.0,45.0
9.68958290000046,45.0,45.0
9.692457899999681,45.0,45.0
9.695523700000194,45.0,45.0
9.698492499999702,45.0,46.0
9.70146829999976,45.0,46.0
9.704523299999892,45.0,46.0
9.707517400000143,45.0,46.0
9.710462799999732,45.0,45.0
9.713511099999778,45.0,45.0
9.716521000000284,45.0,45.0
9.719460000000254,46.0,45.0
9.722591800000373,46.0,45.0
9.725463200000377,46.0,45.0
9.728500000000167,46.0,45.0
9.731526599999597,45.0,45.0
9.735462700000426,45.0,45.0
9.738648499999726,45.0,45.0
9.741528800000196,45.0,45.0
9.744521100000384,46.0,45.0
9.747528500000044,46.0,46.0
9.750490100000206,46.0,46.0
9.753455799999756,46.0,46.0
9.75668130000031,44.0,46.0
9.761048200000005,45.0,45.0
9.763540699999794,45.0,45.0
9.766456700000163,45.0,45.0
9.76947250000012,47.0,45.0
9.772500600000058,47.0,45.0
9.775479699999778,47.0,45.0
9.778486600000178,47.0,45.0
9.782271199999741,43.0,45.0
9.78543179999997,43.0,44.0
9.788525900000423,43.0,44.0
9.791526400000294,43.0,44.0
9.794497400000182,45.0,44.0
9.797538400000121,45.0,45.0
9.800492100000156,45.0,45.0
9.803582600000482,45.0,45.0
9.8067159000002,45.0,45.0
9.809487499999705,45.0,44.0
9.812514100000044,45.0,44.0
9.815538099999685,45.0,44.0
9.818458499999906,46.0,44.0
9.821499499999845,46.0,45.0
9.825195100000201,45.0,45.0
9.828487499999937,44.0,45.0
9.831550400000197,44.0,45.0
9.835484700000052,44.0,45.0
9.838539399999718,44.0,45.0
9.841575000000375,45.0,45.0
9.845199600000342,45.0,45.0
9.848517100000208,45.0,45.0
9.851468400000158,45.0,45.0
9.854481700000179,45.0,45.0
9.85748380000041,45.0,46.0
9.860497399999986,45.0,46.0
9.863546599999609,45.0,46.0
9.868011399999887,45.0,45.0
9.870468699999947,45.0,44.0
9.87349180000001,45.0,44.0
9.876492499999586,45.0,44.0
9.879514999999628,45.0,45.0
9.88250810000045,45.0,45.0
9.885416600000099,45.0,45.0
9.88857569999982,45.0,45.0
9.891479799999615,45.0,45.0
9.894553000000087,45.0,45.0
9.897503799999868,45.0,45.0
9.900451299999986,45.0,45.0
9.903517699999611,45.0,44.0
9.90647220000028,45.0,44.0
9.910259100000076,45.0,45.0
9.913530499999979,45.0,45.0
9.916496599999846,44.0,46.0
9.919453299999986,44.0,46.0
9.92254469999989,44.0,46.0
9.925463599999603,44.0,46.0
9.928469999999834,46.0,46.0
9.933064599999852,45.0,45.0
9.937452699999994,45.0,45.0
9.940479500000038,44.0,45.0
9.943496500000037,44.0,45.0
9.946528499999658,44.0,45.0
9.949496600000202,44.0,45.0
9.952463599999646,45.0,45.0
9.955544600000394,45.0,45.0
9.958485600000131,45.0,45.0
9.961485900000298,45.0,45.0
9.964565100000073,44.0,44.0
9.967439000000013,44.0,44.0
9.970537299999705,44.0,44.0
9.975032700000156,45.0,45.0
9.97746670000015,44.0,46.0
9.980540000000474,44.0,46.0
